K,max_prod_K,mean_prod_K,max_unique_obs_K,mean_unique_obs_K,max_unique_action_K,min_repeat_K,mean_repeat_K,max_repeat_K,nav_fraction_K,task_id,label,reward_var,task_type,unique_action_ratio,unique_prefix_ratio,action_bigram_jaccard_mean,prefix_edit_distance_mean,obs_unique_ratio,termination_fraction,action_entropy
10,5,4.25,10,9.75,10,0.0,0.04375,0.25,0.5641025641025641,pick_two_obj_and_place-SoapBar-None-GarbageCan-418/trial_T20190909_055538_380023,mixed,0.109375,pick_two_obj_and_place,0.625,0.625,0.5204989863078099,0.4428571428571429,0.625,0.125,0.7185463540765221
15,7,6.0,15,13.625,14,0.06666666666666665,0.11458333333333331,0.25,0.5714285714285714,pick_two_obj_and_place-SoapBar-None-GarbageCan-418/trial_T20190909_055538_380023,mixed,0.109375,pick_two_obj_and_place,0.625,0.625,0.5513131313131313,0.49523809523809526,0.625,0.125,0.7185463540765221
20,10,8.375,18,15.875,17,0.15000000000000002,0.2375,0.30000000000000004,0.5109489051094891,pick_two_obj_and_place-SoapBar-None-GarbageCan-418/trial_T20190909_055538_380023,mixed,0.109375,pick_two_obj_and_place,0.75,1.0,0.6617662358310018,0.5821428571428572,0.75,0.125,0.8333333333333334
10,5,5.0,10,10.0,10,0.0,0.012499999999999997,0.09999999999999998,0.5,pick_cool_then_place_in_recep-Lettuce-None-CounterTop-1/trial_T20190908_042713_075616,mixed,0.234375,pick_cool_then_place_in_recep,0.5,0.625,0.43881029684601114,0.325,0.375,0.0,0.5162649802317995
15,8,7.625,15,14.625,15,0.0,0.026785714285714288,0.2142857142857143,0.48739495798319327,pick_cool_then_place_in_recep-Lettuce-None-CounterTop-1/trial_T20190908_042713_075616,mixed,0.234375,pick_cool_then_place_in_recep,0.75,0.875,0.5342916621263304,0.40714285714285714,0.625,0.125,0.8018796874098554
20,11,9.75,20,18.625,20,0.0,0.04553571428571429,0.2142857142857143,0.4935064935064935,pick_cool_then_place_in_recep-Lettuce-None-CounterTop-1/trial_T20190908_042713_075616,mixed,0.234375,pick_cool_then_place_in_recep,0.75,0.875,0.5837210561807769,0.4857142857142857,0.75,0.125,0.8018796874098554
10,4,3.25,10,9.625,8,0.19999999999999996,0.26875000000000004,0.30000000000000004,0.6666666666666666,pick_two_obj_and_place-Vase-None-Desk-204/trial_T20190906_181531_703961,mixed,0.109375,pick_two_obj_and_place,0.5,0.5,0.6022519147519148,0.5428571428571428,0.5,0.125,0.5833333333333334
15,7,5.375,13,11.5,12,0.19999999999999996,0.33125,0.4666666666666667,0.5981308411214953,pick_two_obj_and_place-Vase-None-Desk-204/trial_T20190906_181531_703961,mixed,0.109375,pick_two_obj_and_place,0.75,0.875,0.6735277444311059,0.6571428571428571,0.625,0.125,0.8333333333333334
20,8,6.625,18,13.375,17,0.15000000000000002,0.4,0.55,0.5984848484848485,pick_two_obj_and_place-Vase-None-Desk-204/trial_T20190906_181531_703961,mixed,0.109375,pick_two_obj_and_place,0.75,1.0,0.6894703268776529,0.7160714285714286,0.75,0.125,0.8333333333333334
10,6,3.75,9,7.375,8,0.0,0.125,0.30000000000000004,0.5238095238095238,look_at_obj_in_light-Pillow-None-DeskLamp-302/trial_T20190909_150916_682139,mixed,0.234375,look_at_obj_in_light,0.375,0.875,0.7481193759555104,0.5750000000000001,0.625,0.5,0.4685463540765222
15,10,5.0,13,8.0,10,0.0,0.1791666666666667,0.4,0.4594594594594595,look_at_obj_in_light-Pillow-None-DeskLamp-302/trial_T20190909_150916_682139,mixed,0.234375,look_at_obj_in_light,0.5,0.875,0.7445368169030747,0.5952380952380952,0.5,0.625,0.5162649802317995
20,14,5.875,14,8.375,11,0.0,0.2125,0.5,0.41975308641975306,look_at_obj_in_light-Pillow-None-DeskLamp-302/trial_T20190909_150916_682139,mixed,0.234375,look_at_obj_in_light,0.5,0.875,0.7438696392235131,0.5982142857142857,0.375,0.625,0.5162649802317995
10,4,3.125,10,9.125,9,0.0,0.15,0.4,0.6621621621621622,pick_clean_then_place_in_recep-Ladle-None-DiningTable-4/trial_T20190909_164840_568811,mixed,0.109375,pick_clean_then_place_in_recep,0.875,0.875,0.6344967532467533,0.5607142857142857,0.75,0.25,0.9166666666666666
15,6,4.625,15,12.625,14,0.0,0.11666666666666667,0.2666666666666667,0.6442307692307693,pick_clean_then_place_in_recep-Ladle-None-DiningTable-4/trial_T20190909_164840_568811,mixed,0.109375,pick_clean_then_place_in_recep,0.875,0.875,0.624506509142732,0.6404761904761905,0.875,0.25,0.9166666666666666
20,8,5.25,19,14.375,18,0.0,0.10458537581699347,0.25,0.65,pick_clean_then_place_in_recep-Ladle-None-DiningTable-4/trial_T20190909_164840_568811,mixed,0.109375,pick_clean_then_place_in_recep,0.375,0.875,0.5223356674392192,0.5964285714285714,0.375,0.75,0.353759374819711
10,4,4.0,10,10.0,10,0.0,0.0,0.0,0.6,pick_and_place_simple-Box-None-Dresser-224/trial_T20190907_164104_229696,all_fail,0.0,pick_and_place_simple,0.25,0.25,0.09090909090909091,0.05,0.25,0.0,0.1811881477331988
15,6,5.75,14,14.0,14,0.06666666666666665,0.10833333333333331,0.19999999999999996,0.6166666666666667,pick_and_place_simple-Box-None-Dresser-224/trial_T20190907_164104_229696,all_fail,0.0,pick_and_place_simple,0.5,0.5,0.19985119047619046,0.12142857142857143,0.5,0.0,0.6352130207431889
20,8,7.0,19,18.625,19,0.050000000000000044,0.17500000000000004,0.4,0.65,pick_and_place_simple-Box-None-Dresser-224/trial_T20190907_164104_229696,all_fail,0.0,pick_and_place_simple,0.5,0.5,0.3719924812030075,0.2785714285714286,0.5,0.0,0.6352130207431889
10,5,4.375,10,10.0,10,0.0,0.12499999999999997,0.19999999999999996,0.5625,pick_cool_then_place_in_recep-Apple-None-GarbageCan-2/trial_T20190906_195943_081289,mixed,0.1875,pick_cool_then_place_in_recep,0.25,0.25,0.42857142857142855,0.32142857142857145,0.25,0.0,0.318144667641655
15,7,5.25,15,14.0,15,0.0,0.2583333333333333,0.4666666666666667,0.65,pick_cool_then_place_in_recep-Apple-None-GarbageCan-2/trial_T20190906_195943_081289,mixed,0.1875,pick_cool_then_place_in_recep,0.375,0.375,0.515527950310559,0.4309523809523809,0.375,0.0,0.4685463540765222
20,8,5.875,20,16.5,20,0.0,0.31875,0.6,0.70625,pick_cool_then_place_in_recep-Apple-None-GarbageCan-2/trial_T20190906_195943_081289,mixed,0.1875,pick_cool_then_place_in_recep,0.625,0.625,0.5787468396449489,0.5089285714285714,0.625,0.0,0.6666666666666666
10,6,5.375,10,10.0,10,0.0,0.012499999999999997,0.09999999999999998,0.4625,pick_heat_then_place_in_recep-Cup-None-Cabinet-22/trial_T20190907_173251_960848,all_fail,0.0,pick_heat_then_place_in_recep,0.375,0.375,0.3144355644355645,0.21071428571428572,0.375,0.0,0.43293164689846614
15,10,7.5,15,13.625,14,0.06666666666666665,0.19999999999999998,0.33333333333333337,0.4642857142857143,pick_heat_then_place_in_recep-Cup-None-Cabinet-22/trial_T20190907_173251_960848,all_fail,0.0,pick_heat_then_place_in_recep,0.875,1.0,0.5669995230947243,0.4309523809523809,0.625,0.0,0.9166666666666666
20,14,9.25,18,15.125,16,0.19999999999999996,0.34375,0.44999999999999996,0.4393939393939394,pick_heat_then_place_in_recep-Cup-None-Cabinet-22/trial_T20190907_173251_960848,all_fail,0.0,pick_heat_then_place_in_recep,0.75,1.0,0.6336846800883053,0.5428571428571428,0.625,0.0,0.8018796874098554
10,5,5.0,10,10.0,10,0.0,0.0,0.0,0.5,pick_clean_then_place_in_recep-ButterKnife-None-DiningTable-16/trial_T20190909_114508_617301,all_fail,0.0,pick_clean_then_place_in_recep,0.125,0.125,0.0,0.0,0.125,0.0,-0.0
15,9,7.5,15,15.0,15,0.0,0.008333333333333331,0.06666666666666665,0.5,pick_clean_then_place_in_recep-ButterKnife-None-DiningTable-16/trial_T20190909_114508_617301,all_fail,0.0,pick_clean_then_place_in_recep,0.875,0.875,0.4394761413337265,0.2857142857142857,0.75,0.0,0.9166666666666666
20,13,9.875,20,19.0,20,0.0,0.10625,0.25,0.50625,pick_clean_then_place_in_recep-ButterKnife-None-DiningTable-16/trial_T20190909_114508_617301,all_fail,0.0,pick_clean_then_place_in_recep,0.875,1.0,0.5981378376468331,0.44107142857142856,1.0,0.0,0.9166666666666666
10,5,4.0,10,10.0,10,0.0,0.0,0.0,0.6,pick_heat_then_place_in_recep-Potato-None-Fridge-11/trial_T20190909_011341_436523,mixed,0.1875,pick_heat_then_place_in_recep,0.75,0.75,0.535448952308196,0.5535714285714286,0.75,0.0,0.8333333333333334
15,7,6.375,15,14.875,15,0.0,0.008333333333333331,0.06666666666666665,0.575,pick_heat_then_place_in_recep-Potato-None-Fridge-11/trial_T20190909_011341_436523,mixed,0.1875,pick_heat_then_place_in_recep,0.75,0.75,0.45453844515764025,0.4523809523809524,0.75,0.0,0.8333333333333334
20,10,8.625,20,19.875,20,0.0,0.018750000000000003,0.15000000000000002,0.56875,pick_heat_then_place_in_recep-Potato-None-Fridge-11/trial_T20190909_011341_436523,mixed,0.1875,pick_heat_then_place_in_recep,0.875,1.0,0.4980058232387425,0.46071428571428574,1.0,0.0,0.9166666666666666
10,6,3.375,10,9.625,10,0.0,0.0625,0.30000000000000004,0.6625,look_at_obj_in_light-Bowl-None-DeskLamp-301/trial_T20190909_150719_492274,mixed,0.109375,look_at_obj_in_light,0.75,0.75,0.5478140906712335,0.6071428571428571,0.75,0.0,0.8018796874098554
15,7,4.0,15,14.375,15,0.0,0.07500000000000001,0.2666666666666667,0.7333333333333333,look_at_obj_in_light-Bowl-None-DeskLamp-301/trial_T20190909_150719_492274,mixed,0.109375,look_at_obj_in_light,0.75,0.75,0.47038958031725275,0.530952380952381,0.75,0.0,0.8018796874098554
20,10,5.625,20,18.75,20,0.0,0.10625000000000001,0.44999999999999996,0.71875,look_at_obj_in_light-Bowl-None-DeskLamp-301/trial_T20190909_150719_492274,mixed,0.109375,look_at_obj_in_light,0.75,0.875,0.4979034815402346,0.5375,0.75,0.0,0.8018796874098554
10,3,2.5,10,9.5,10,0.0,0.12499999999999997,0.19999999999999996,0.75,pick_two_obj_and_place-SprayBottle-None-GarbageCan-419/trial_T20190908_164236_518264,mixed,0.1875,pick_two_obj_and_place,0.375,0.875,0.6636287032295435,0.5107142857142857,0.625,0.0,0.5204260414863776
15,6,4.375,15,13.625,13,0.1333333333333333,0.23511904761904762,0.33333333333333337,0.7008547008547008,pick_two_obj_and_place-SprayBottle-None-GarbageCan-419/trial_T20190908_164236_518264,mixed,0.1875,pick_two_obj_and_place,0.875,1.0,0.5633177094601797,0.4642857142857143,0.875,0.125,0.9166666666666666
20,8,6.25,18,15.375,15,0.2142857142857143,0.3135504201680672,0.5,0.6503496503496503,pick_two_obj_and_place-SprayBottle-None-GarbageCan-419/trial_T20190908_164236_518264,mixed,0.1875,pick_two_obj_and_place,0.875,1.0,0.6012192153600632,0.5267857142857143,0.75,0.25,0.9166666666666666
10,5,4.625,10,10.0,10,0.0,0.04999999999999999,0.19999999999999996,0.5375,pick_heat_then_place_in_recep-Egg-None-CounterTop-2/trial_T20190908_122951_021026,mixed,0.1875,pick_heat_then_place_in_recep,0.75,0.875,0.586560235982505,0.5321428571428571,0.625,0.0,0.8018796874098554
15,7,6.125,15,14.75,15,0.0,0.125,0.4666666666666667,0.5916666666666667,pick_heat_then_place_in_recep-Egg-None-CounterTop-2/trial_T20190908_122951_021026,mixed,0.1875,pick_heat_then_place_in_recep,0.75,1.0,0.6224212415937413,0.5809523809523809,0.75,0.0,0.8333333333333334
20,10,7.625,20,18.25,20,0.0,0.175,0.6,0.61875,pick_heat_then_place_in_recep-Egg-None-CounterTop-2/trial_T20190908_122951_021026,mixed,0.1875,pick_heat_then_place_in_recep,0.875,1.0,0.6603679585825731,0.6232142857142857,0.875,0.0,0.9166666666666666
10,4,3.875,10,10.0,10,0.0,0.0,0.0,0.6125,pick_two_obj_and_place-RemoteControl-None-Ottoman-203/trial_T20190906_182952_858723,all_fail,0.0,pick_two_obj_and_place,0.25,0.25,0.15384615384615388,0.2,0.25,0.0,0.1811881477331988
15,7,6.25,15,15.0,15,0.0,0.008333333333333331,0.06666666666666665,0.5798319327731093,pick_two_obj_and_place-RemoteControl-None-Ottoman-203/trial_T20190906_182952_858723,all_fail,0.0,pick_two_obj_and_place,0.625,0.875,0.2789799253034547,0.22142857142857145,0.75,0.0,0.75
20,8,7.125,20,19.375,20,0.0,0.06875000000000002,0.25,0.6225165562913907,pick_two_obj_and_place-RemoteControl-None-Ottoman-203/trial_T20190906_182952_858723,all_fail,0.0,pick_two_obj_and_place,0.75,1.0,0.4772883534684777,0.36607142857142855,0.875,0.0,0.8333333333333334
10,4,3.25,10,10.0,10,0.0,0.0,0.0,0.675,pick_two_obj_and_place-Newspaper-None-Drawer-224/trial_T20190911_101248_326533,all_fail,0.0,pick_two_obj_and_place,0.5,0.5,0.30914085914085915,0.33571428571428574,0.5,0.0,0.5833333333333334
15,6,5.125,15,14.25,15,0.0,0.09166666666666665,0.19999999999999996,0.6583333333333333,pick_two_obj_and_place-Newspaper-None-Drawer-224/trial_T20190911_101248_326533,all_fail,0.0,pick_two_obj_and_place,0.75,0.75,0.25138430372148857,0.2547619047619048,0.625,0.0,0.8333333333333334
20,8,6.375,19,18.625,19,0.050000000000000044,0.19375000000000003,0.4,0.68125,pick_two_obj_and_place-Newspaper-None-Drawer-224/trial_T20190911_101248_326533,all_fail,0.0,pick_two_obj_and_place,0.75,0.75,0.39013192121887774,0.33571428571428574,0.75,0.0,0.8333333333333334
10,4,2.25,10,8.625,10,0.0,0.2375,0.4,0.775,pick_heat_then_place_in_recep-Apple-None-DiningTable-26/trial_T20190907_060234_011675,mixed,0.1875,pick_heat_then_place_in_recep,0.375,0.375,0.34319727891156465,0.25357142857142856,0.375,0.0,0.4685463540765222
15,5,4.0,15,12.75,15,0.0,0.20833333333333331,0.4666666666666667,0.7333333333333333,pick_heat_then_place_in_recep-Apple-None-DiningTable-26/trial_T20190907_060234_011675,mixed,0.1875,pick_heat_then_place_in_recep,0.5,0.625,0.5640530135499175,0.44761904761904764,0.625,0.0,0.5833333333333334
20,7,4.625,20,15.5,19,0.050000000000000044,0.22812500000000002,0.4,0.75,pick_heat_then_place_in_recep-Apple-None-DiningTable-26/trial_T20190907_060234_011675,mixed,0.1875,pick_heat_then_place_in_recep,0.625,0.625,0.583892966639272,0.5267857142857143,0.625,0.375,0.7185463540765221
10,4,3.875,10,10.0,9,0.09999999999999998,0.12499999999999999,0.30000000000000004,0.6125,pick_heat_then_place_in_recep-Tomato-None-Fridge-24/trial_T20190908_033721_967359,mixed,0.109375,pick_heat_then_place_in_recep,0.375,0.5,0.3068181818181818,0.2642857142857143,0.375,0.0,0.4685463540765222
15,6,4.875,15,13.75,13,0.1333333333333333,0.2833333333333333,0.5333333333333333,0.675,pick_heat_then_place_in_recep-Tomato-None-Fridge-24/trial_T20190908_033721_967359,mixed,0.109375,pick_heat_then_place_in_recep,0.5,0.625,0.31568627450980397,0.28095238095238095,0.5,0.0,0.5833333333333334
20,8,5.125,19,15.875,18,0.09999999999999998,0.425,0.65,0.74375,pick_heat_then_place_in_recep-Tomato-None-Fridge-24/trial_T20190908_033721_967359,mixed,0.109375,pick_heat_then_place_in_recep,0.625,0.75,0.35930195724361447,0.325,0.75,0.0,0.6666666666666666
10,4,4.0,10,10.0,10,0.0,0.0,0.0,0.6,pick_and_place_simple-Pencil-None-Dresser-330/trial_T20190909_071128_012892,mixed,0.234375,pick_and_place_simple,0.125,0.125,0.0,0.0,0.125,0.0,-0.0
15,7,6.0,15,15.0,15,0.0,0.008333333333333331,0.06666666666666665,0.6,pick_and_place_simple-Pencil-None-Dresser-330/trial_T20190909_071128_012892,mixed,0.234375,pick_and_place_simple,0.5,0.5,0.22321428571428567,0.12619047619047621,0.5,0.0,0.5162649802317995
20,12,8.125,20,19.0,20,0.0,0.06250000000000001,0.30000000000000004,0.5859872611464968,pick_and_place_simple-Pencil-None-Dresser-330/trial_T20190909_071128_012892,mixed,0.234375,pick_and_place_simple,0.75,0.75,0.4176144277852352,0.30357142857142855,0.75,0.0,0.8333333333333334
10,5,5.0,10,10.0,10,0.0,0.0,0.0,0.5,pick_and_place_simple-Candle-None-Toilet-407/trial_T20190909_055248_059513,all_succeed,0.0,pick_and_place_simple,0.125,0.125,0.0,0.0,0.125,0.0,-0.0
15,5,5.0,12,12.0,12,0.0,0.0,0.0,0.5833333333333334,pick_and_place_simple-Candle-None-Toilet-407/trial_T20190909_055248_059513,all_succeed,0.0,pick_and_place_simple,0.125,0.125,0.0,0.0,0.125,1.0,-0.0
20,5,5.0,12,12.0,12,0.0,0.0,0.0,0.5833333333333334,pick_and_place_simple-Candle-None-Toilet-407/trial_T20190909_055248_059513,all_succeed,0.0,pick_and_place_simple,0.125,0.125,0.0,0.0,0.125,1.0,-0.0
10,4,2.875,10,9.875,10,0.0,0.024999999999999994,0.19999999999999996,0.7125,pick_clean_then_place_in_recep-Lettuce-None-Fridge-19/trial_T20190908_100138_446072,mixed,0.1875,pick_clean_then_place_in_recep,0.625,0.625,0.647580360815655,0.5857142857142857,0.625,0.0,0.6666666666666666
15,8,4.625,15,13.375,15,0.0,0.05208333333333334,0.33333333333333337,0.6636363636363637,pick_clean_then_place_in_recep-Lettuce-None-Fridge-19/trial_T20190908_100138_446072,mixed,0.1875,pick_clean_then_place_in_recep,0.375,0.625,0.662242289628402,0.6166666666666666,0.375,0.375,0.4685463540765222
20,13,6.75,20,15.875,20,0.0,0.07291666666666667,0.5,0.6,pick_clean_then_place_in_recep-Lettuce-None-Fridge-19/trial_T20190908_100138_446072,mixed,0.1875,pick_clean_then_place_in_recep,0.5,0.75,0.6713838237127296,0.6428571428571429,0.5,0.375,0.603759374819711
10,5,4.75,10,10.0,10,0.0,0.0,0.0,0.525,pick_and_place_simple-CellPhone-None-Bed-324/trial_T20190907_233817_198528,all_succeed,0.0,pick_and_place_simple,0.25,0.25,0.15584415584415584,0.08571428571428573,0.25,0.0,0.2704260414863776
15,7,6.5,15,15.0,15,0.0,0.0,0.0,0.5666666666666667,pick_and_place_simple-CellPhone-None-Bed-324/trial_T20190907_233817_198528,all_succeed,0.0,pick_and_place_simple,0.25,0.25,0.2571428571428571,0.19999999999999998,0.25,0.0,0.2704260414863776
20,10,9.25,20,20.0,20,0.0,0.0,0.0,0.5375,pick_and_place_simple-CellPhone-None-Bed-324/trial_T20190907_233817_198528,all_succeed,0.0,pick_and_place_simple,0.25,0.375,0.2503525046382189,0.1982142857142857,0.375,0.0,0.1811881477331988
10,5,3.75,10,10.0,10,0.0,0.0,0.0,0.625,pick_cool_then_place_in_recep-Pan-None-StoveBurner-18/trial_T20190906_181023_216915,all_fail,0.0,pick_cool_then_place_in_recep,0.625,0.625,0.629550281651122,0.5928571428571429,0.625,0.0,0.7185463540765221
15,7,6.0,15,15.0,15,0.0,0.0,0.0,0.6,pick_cool_then_place_in_recep-Pan-None-StoveBurner-18/trial_T20190906_181023_216915,all_fail,0.0,pick_cool_then_place_in_recep,0.75,0.75,0.5689107237791449,0.6238095238095237,0.75,0.0,0.8018796874098554
20,8,7.625,20,20.0,20,0.0,0.0,0.0,0.61875,pick_cool_then_place_in_recep-Pan-None-StoveBurner-18/trial_T20190906_181023_216915,all_fail,0.0,pick_cool_then_place_in_recep,1.0,1.0,0.571403314107967,0.6732142857142858,1.0,0.0,1.0
10,5,4.375,10,9.875,10,0.0,0.024999999999999994,0.09999999999999998,0.5625,pick_two_obj_and_place-SoapBar-None-GarbageCan-418/trial_T20190909_055649_717880,all_fail,0.0,pick_two_obj_and_place,0.5,0.5,0.5186163101604279,0.4857142857142857,0.5,0.0,0.603759374819711
15,7,5.875,15,14.125,14,0.06666666666666665,0.14166666666666666,0.33333333333333337,0.5803571428571429,pick_two_obj_and_place-SoapBar-None-GarbageCan-418/trial_T20190909_055649_717880,all_fail,0.0,pick_two_obj_and_place,0.625,0.625,0.5979252107541582,0.5547619047619048,0.625,0.0,0.7185463540765221
20,11,8.625,18,16.375,16,0.19999999999999996,0.25625,0.44999999999999996,0.5071428571428571,pick_two_obj_and_place-SoapBar-None-GarbageCan-418/trial_T20190909_055649_717880,all_fail,0.0,pick_two_obj_and_place,0.5,1.0,0.7054014692776965,0.6285714285714287,0.75,0.0,0.6352130207431889
10,5,3.375,10,10.0,9,0.09999999999999998,0.16249999999999998,0.30000000000000004,0.6625,pick_and_place_simple-SoapBottle-None-CounterTop-417/trial_T20190910_112922_368384,mixed,0.1875,pick_and_place_simple,0.75,0.875,0.40324675324675324,0.2285714285714286,0.75,0.0,0.8333333333333334
15,5,4.375,15,13.375,14,0.06666666666666665,0.19809981684981687,0.4666666666666667,0.6875,pick_and_place_simple-SoapBottle-None-CounterTop-417/trial_T20190910_112922_368384,mixed,0.1875,pick_and_place_simple,0.75,1.0,0.5926313168808193,0.4261904761904762,0.75,0.375,0.8018796874098554
20,5,4.625,18,13.75,17,0.08333333333333337,0.24407021158665895,0.6,0.6967213114754098,pick_and_place_simple-SoapBottle-None-CounterTop-417/trial_T20190910_112922_368384,mixed,0.1875,pick_and_place_simple,0.375,1.0,0.5619625512148179,0.46964285714285714,0.375,0.75,0.353759374819711
10,5,4.125,10,10.0,10,0.0,0.0,0.0,0.5875,pick_cool_then_place_in_recep-Plate-None-CounterTop-1/trial_T20190906_205324_559361,mixed,0.109375,pick_cool_then_place_in_recep,0.375,0.375,0.3373949579831933,0.2642857142857143,0.375,0.0,0.353759374819711
15,7,7.0,15,15.0,15,0.0,0.0,0.0,0.5333333333333333,pick_cool_then_place_in_recep-Plate-None-CounterTop-1/trial_T20190906_205324_559361,mixed,0.109375,pick_cool_then_place_in_recep,0.375,0.375,0.34497459062676455,0.2952380952380952,0.375,0.0,0.353759374819711
20,10,9.125,20,20.0,20,0.0,0.0,0.0,0.54375,pick_cool_then_place_in_recep-Plate-None-CounterTop-1/trial_T20190906_205324_559361,mixed,0.109375,pick_cool_then_place_in_recep,0.375,0.375,0.2479120879120879,0.275,0.375,0.0,0.353759374819711
10,6,4.5,10,10.0,10,0.0,0.024999999999999994,0.19999999999999996,0.55,pick_clean_then_place_in_recep-ButterKnife-None-Drawer-8/trial_T20190909_124425_112757,mixed,0.234375,pick_clean_then_place_in_recep,0.625,0.625,0.719213139801375,0.6142857142857142,0.625,0.0,0.7185463540765221
15,11,6.75,15,13.875,15,0.0,0.07756410256410255,0.4666666666666667,0.5344827586206896,pick_clean_then_place_in_recep-ButterKnife-None-Drawer-8/trial_T20190909_124425_112757,mixed,0.234375,pick_clean_then_place_in_recep,0.75,0.875,0.7839243365330322,0.7000000000000001,0.625,0.25,0.8333333333333334
20,16,8.75,20,17.0,20,0.0,0.10048076923076922,0.6,0.5205479452054794,pick_clean_then_place_in_recep-ButterKnife-None-Drawer-8/trial_T20190909_124425_112757,mixed,0.234375,pick_clean_then_place_in_recep,0.875,0.875,0.7874646108286661,0.7535714285714287,0.875,0.25,0.9166666666666666
10,5,5.0,10,10.0,10,0.0,0.0,0.0,0.5,pick_and_place_simple-SprayBottle-None-Toilet-415/trial_T20190909_075955_678702,all_succeed,0.0,pick_and_place_simple,0.125,0.125,0.0,0.0,0.125,0.0,-0.0
15,5,5.0,12,12.0,12,0.0,0.0,0.0,0.5833333333333334,pick_and_place_simple-SprayBottle-None-Toilet-415/trial_T20190909_075955_678702,all_succeed,0.0,pick_and_place_simple,0.125,0.125,0.0,0.0,0.125,1.0,-0.0
20,5,5.0,12,12.0,12,0.0,0.0,0.0,0.5833333333333334,pick_and_place_simple-SprayBottle-None-Toilet-415/trial_T20190909_075955_678702,all_succeed,0.0,pick_and_place_simple,0.125,0.125,0.0,0.0,0.125,1.0,-0.0
10,5,2.75,10,6.25,10,0.0,0.0,0.0,0.56,pick_and_place_simple-Pencil-None-Desk-310/trial_T20190909_113054_894334,all_succeed,0.0,pick_and_place_simple,0.25,0.25,0.32142857142857145,0.42857142857142855,0.25,0.75,0.2704260414863776
15,5,2.75,11,6.5,11,0.0,0.0,0.0,0.5769230769230769,pick_and_place_simple-Pencil-None-Desk-310/trial_T20190909_113054_894334,all_succeed,0.0,pick_and_place_simple,0.125,0.25,0.21428571428571427,0.3142857142857142,0.125,1.0,-0.0
20,5,2.75,11,6.5,11,0.0,0.0,0.0,0.5769230769230769,pick_and_place_simple-Pencil-None-Desk-310/trial_T20190909_113054_894334,all_succeed,0.0,pick_and_place_simple,0.125,0.25,0.21428571428571427,0.23571428571428574,0.125,1.0,-0.0
10,6,5.125,10,9.875,10,0.0,0.024999999999999994,0.09999999999999998,0.4875,pick_two_obj_and_place-CreditCard-None-Safe-323/trial_T20190907_001129_214240,mixed,0.1875,pick_two_obj_and_place,0.375,0.5,0.5205548128342247,0.5214285714285715,0.5,0.0,0.43293164689846614
15,11,7.625,15,14.375,14,0.06666666666666665,0.11666666666666665,0.4,0.4830508474576271,pick_two_obj_and_place-CreditCard-None-Safe-323/trial_T20190907_001129_214240,mixed,0.1875,pick_two_obj_and_place,0.5,0.625,0.5389153439153439,0.5190476190476191,0.625,0.0,0.5833333333333334
20,16,10.75,20,18.25,19,0.050000000000000044,0.16250000000000003,0.5,0.45222929936305734,pick_two_obj_and_place-CreditCard-None-Safe-323/trial_T20190907_001129_214240,mixed,0.1875,pick_two_obj_and_place,1.0,1.0,0.6625756653402074,0.6124999999999999,1.0,0.0,1.0
10,4,3.875,10,9.625,10,0.0,0.0,0.0,0.5974025974025974,pick_clean_then_place_in_recep-ButterKnife-None-Drawer-2/trial_T20190908_121728_511866,mixed,0.234375,pick_clean_then_place_in_recep,0.25,0.25,0.234375,0.25,0.25,0.125,0.1811881477331988
15,6,5.625,15,14.0,15,0.0,0.0,0.0,0.5982142857142857,pick_clean_then_place_in_recep-ButterKnife-None-Drawer-2/trial_T20190908_121728_511866,mixed,0.234375,pick_clean_then_place_in_recep,0.25,0.25,0.23809523809523808,0.25,0.25,0.125,0.1811881477331988
20,9,7.5,20,18.375,20,0.0,0.0,0.0,0.5918367346938775,pick_clean_then_place_in_recep-ButterKnife-None-Drawer-2/trial_T20190908_121728_511866,mixed,0.234375,pick_clean_then_place_in_recep,0.375,0.375,0.3134352603917821,0.2928571428571428,0.375,0.125,0.353759374819711
10,1,1.0,5,4.125,5,0.0,0.0,0.0,0.7575757575757576,pick_and_place_simple-RemoteControl-None-ArmChair-230/trial_T20190909_021000_274398,all_succeed,0.0,pick_and_place_simple,0.125,0.25,0.15625,0.05,0.125,1.0,-0.0
15,1,1.0,5,4.125,5,0.0,0.0,0.0,0.7575757575757576,pick_and_place_simple-RemoteControl-None-ArmChair-230/trial_T20190909_021000_274398,all_succeed,0.0,pick_and_place_simple,0.125,0.25,0.15625,0.03333333333333333,0.125,1.0,-0.0
20,1,1.0,5,4.125,5,0.0,0.0,0.0,0.7575757575757576,pick_and_place_simple-RemoteControl-None-ArmChair-230/trial_T20190909_021000_274398,all_succeed,0.0,pick_and_place_simple,0.125,0.25,0.15625,0.025,0.125,1.0,-0.0
10,5,3.5,10,8.875,10,0.0,0.16249999999999998,0.30000000000000004,0.6363636363636364,pick_two_obj_and_place-CD-None-Drawer-304/trial_T20190907_230232_832893,mixed,0.25,pick_two_obj_and_place,0.875,1.0,0.8227998308880663,0.7892857142857144,0.75,0.0,0.9166666666666666
15,9,4.875,14,11.5,14,0.0,0.23958333333333334,0.4,0.6213592233009708,pick_two_obj_and_place-CD-None-Drawer-304/trial_T20190907_230232_832893,mixed,0.25,pick_two_obj_and_place,0.875,1.0,0.8681999372375409,0.8333333333333333,0.875,0.25,0.9166666666666666
20,10,6.125,17,13.0,16,0.0,0.31805555555555554,0.5,0.608,pick_two_obj_and_place-CD-None-Drawer-304/trial_T20190907_230232_832893,mixed,0.25,pick_two_obj_and_place,0.625,1.0,0.8723708306836385,0.8464285714285714,0.625,0.375,0.7185463540765221
10,8,6.125,9,8.375,9,0.0,0.21249999999999997,0.4,0.3287671232876712,pick_clean_then_place_in_recep-Tomato-None-CounterTop-25/trial_T20190909_012550_586494,mixed,0.109375,pick_clean_then_place_in_recep,0.625,0.875,0.6883318070818071,0.5357142857142857,0.625,0.125,0.7185463540765221
15,13,8.5,11,9.125,11,0.0,0.39166666666666666,0.6,0.28421052631578947,pick_clean_then_place_in_recep-Tomato-None-CounterTop-25/trial_T20190909_012550_586494,mixed,0.109375,pick_clean_then_place_in_recep,0.75,1.0,0.7304267942301444,0.6428571428571429,0.625,0.125,0.8333333333333334
20,18,10.875,15,9.75,15,0.0,0.48125,0.7,0.2564102564102564,pick_clean_then_place_in_recep-Tomato-None-CounterTop-25/trial_T20190909_012550_586494,mixed,0.109375,pick_clean_then_place_in_recep,0.625,1.0,0.7596470780681307,0.7035714285714285,0.75,0.125,0.7185463540765221
10,5,4.125,10,10.0,10,0.0,0.024999999999999994,0.09999999999999998,0.5875,pick_cool_then_place_in_recep-Tomato-None-Microwave-18/trial_T20190909_012524_159092,mixed,0.1875,pick_cool_then_place_in_recep,0.5,0.625,0.6630733762036283,0.6535714285714286,0.5,0.0,0.5833333333333334
15,7,6.0,15,14.25,15,0.0,0.020833333333333343,0.08333333333333337,0.5789473684210527,pick_cool_then_place_in_recep-Tomato-None-Microwave-18/trial_T20190909_012524_159092,mixed,0.1875,pick_cool_then_place_in_recep,0.5,0.625,0.6632416879795396,0.6761904761904762,0.5,0.25,0.5833333333333334
20,10,7.5,20,18.0,20,0.0,0.020833333333333343,0.08333333333333337,0.5833333333333334,pick_cool_then_place_in_recep-Tomato-None-Microwave-18/trial_T20190909_012524_159092,mixed,0.1875,pick_cool_then_place_in_recep,0.625,0.75,0.6822401550253926,0.7107142857142856,0.625,0.25,0.7185463540765221
10,4,3.0,10,10.0,10,0.0,0.012499999999999997,0.09999999999999998,0.7,pick_clean_then_place_in_recep-DishSponge-None-CounterTop-403/trial_T20190908_144357_621068,mixed,0.234375,pick_clean_then_place_in_recep,0.5,0.625,0.5943024937247626,0.4892857142857143,0.5,0.0,0.5833333333333334
15,6,3.875,15,13.5,15,0.0,0.10119047619047619,0.33333333333333337,0.7394957983193278,pick_clean_then_place_in_recep-DishSponge-None-CounterTop-403/trial_T20190908_144357_621068,mixed,0.234375,pick_clean_then_place_in_recep,0.625,1.0,0.6954216933729054,0.5642857142857143,0.75,0.125,0.6666666666666666
20,8,5.375,20,16.125,20,0.0,0.16004464285714287,0.35,0.7133333333333334,pick_clean_then_place_in_recep-DishSponge-None-CounterTop-403/trial_T20190908_144357_621068,mixed,0.234375,pick_clean_then_place_in_recep,0.75,1.0,0.7588211724044663,0.6321428571428571,0.75,0.25,0.8333333333333334
10,6,5.0,10,9.75,10,0.0,0.05,0.4,0.5,pick_clean_then_place_in_recep-ButterKnife-None-Drawer-30/trial_T20190908_052007_212776,all_fail,0.0,pick_clean_then_place_in_recep,1.0,1.0,0.7467046346510633,0.7214285714285714,0.875,0.0,1.0
15,11,8.0,15,13.5,15,0.0,0.14166666666666666,0.6,0.4576271186440678,pick_clean_then_place_in_recep-ButterKnife-None-Drawer-30/trial_T20190908_052007_212776,all_fail,0.0,pick_clean_then_place_in_recep,1.0,1.0,0.7726835702036172,0.75,0.875,0.0,1.0
20,16,10.5,20,16.25,19,0.050000000000000044,0.26875,0.7,0.44370860927152317,pick_clean_then_place_in_recep-ButterKnife-None-Drawer-30/trial_T20190908_052007_212776,all_fail,0.0,pick_clean_then_place_in_recep,0.75,1.0,0.8203628582313965,0.7875,0.875,0.0,0.8018796874098554
10,4,3.375,10,9.875,10,0.0,0.09999999999999998,0.19999999999999996,0.6625,pick_two_obj_and_place-CreditCard-None-Dresser-311/trial_T20190907_201917_045715,all_fail,0.0,pick_two_obj_and_place,0.5,0.875,0.6569724917939205,0.49642857142857144,0.75,0.0,0.6352130207431889
15,8,5.625,15,13.75,13,0.1333333333333333,0.225,0.33333333333333337,0.625,pick_two_obj_and_place-CreditCard-None-Dresser-311/trial_T20190907_201917_045715,all_fail,0.0,pick_two_obj_and_place,0.75,1.0,0.7165399700296605,0.6023809523809524,1.0,0.0,0.8333333333333334
20,11,7.875,18,15.875,16,0.19999999999999996,0.31875,0.5,0.5827814569536424,pick_two_obj_and_place-CreditCard-None-Dresser-311/trial_T20190907_201917_045715,all_fail,0.0,pick_two_obj_and_place,0.625,1.0,0.7435773396269155,0.6678571428571428,0.875,0.0,0.7185463540765221
10,6,4.375,10,9.0,10,0.0,0.04821428571428572,0.1428571428571429,0.5138888888888888,pick_heat_then_place_in_recep-Tomato-None-Fridge-23/trial_T20190909_082320_103350,mixed,0.109375,pick_heat_then_place_in_recep,0.375,0.5,0.7803871548619448,0.7214285714285714,0.375,0.5,0.4685463540765222
15,9,5.125,15,11.5,15,0.0,0.05238095238095239,0.1428571428571429,0.5444444444444444,pick_heat_then_place_in_recep-Tomato-None-Fridge-23/trial_T20190909_082320_103350,mixed,0.109375,pick_heat_then_place_in_recep,0.375,0.5,0.7798708728342596,0.7071428571428572,0.375,0.5,0.4685463540765222
20,9,6.0,20,13.375,20,0.0,0.07946428571428572,0.35,0.5428571428571428,pick_heat_then_place_in_recep-Tomato-None-Fridge-23/trial_T20190909_082320_103350,mixed,0.109375,pick_heat_then_place_in_recep,0.5,0.625,0.7679028489097138,0.7178571428571429,0.5,0.5,0.5833333333333334
10,9,5.75,4,4.0,4,0.0,0.335515873015873,0.7,0.14814814814814814,look_at_obj_in_light-Bowl-None-DeskLamp-316/trial_T20190908_230702_962704,mixed,0.109375,look_at_obj_in_light,0.375,0.875,0.6690592145949289,0.55,0.25,0.75,0.353759374819711
15,14,6.375,4,4.0,4,0.0,0.348015873015873,0.8,0.13559322033898305,look_at_obj_in_light-Bowl-None-DeskLamp-316/trial_T20190908_230702_962704,mixed,0.109375,look_at_obj_in_light,0.25,0.875,0.6141813543599258,0.45,0.25,0.875,0.1811881477331988
20,19,7.0,4,4.0,4,0.0,0.354265873015873,0.85,0.125,look_at_obj_in_light-Bowl-None-DeskLamp-316/trial_T20190908_230702_962704,mixed,0.109375,look_at_obj_in_light,0.25,0.875,0.6141813543599258,0.39999999999999997,0.25,0.875,0.1811881477331988
10,4,3.875,10,10.0,10,0.0,0.0,0.0,0.6125,pick_two_obj_and_place-ToiletPaper-None-Drawer-423/trial_T20190907_111251_461099,all_fail,0.0,pick_two_obj_and_place,0.375,0.5,0.25811688311688313,0.16071428571428573,0.375,0.0,0.43293164689846614
15,7,6.625,15,15.0,15,0.0,0.0,0.0,0.5583333333333333,pick_two_obj_and_place-ToiletPaper-None-Drawer-423/trial_T20190907_111251_461099,all_fail,0.0,pick_two_obj_and_place,0.375,0.5,0.1790966386554622,0.10714285714285714,0.375,0.0,0.43293164689846614
20,11,9.125,20,19.75,20,0.0,0.025000000000000022,0.050000000000000044,0.5290322580645161,pick_two_obj_and_place-ToiletPaper-None-Drawer-423/trial_T20190907_111251_461099,all_fail,0.0,pick_two_obj_and_place,0.625,1.0,0.2963553010136861,0.15714285714285717,0.625,0.0,0.7185463540765221
10,5,4.75,10,10.0,10,0.0,0.0,0.0,0.525,pick_two_obj_and_place-Glassbottle-None-Shelf-1/trial_T20190907_122204_941737,all_fail,0.0,pick_two_obj_and_place,0.375,0.375,0.23051948051948054,0.1285714285714286,0.375,0.0,0.43293164689846614
15,7,7.0,15,15.0,15,0.0,0.0,0.0,0.5333333333333333,pick_two_obj_and_place-Glassbottle-None-Shelf-1/trial_T20190907_122204_941737,all_fail,0.0,pick_two_obj_and_place,0.375,0.375,0.2602813852813853,0.16904761904761906,0.375,0.0,0.43293164689846614
20,10,9.75,20,20.0,20,0.0,0.0,0.0,0.5125,pick_two_obj_and_place-Glassbottle-None-Shelf-1/trial_T20190907_122204_941737,all_fail,0.0,pick_two_obj_and_place,0.375,0.375,0.21617535903250187,0.18928571428571428,0.375,0.0,0.43293164689846614
10,3,2.125,8,4.875,8,0.0,0.0638888888888889,0.4,0.6046511627906976,pick_clean_then_place_in_recep-Mug-None-CoffeeMachine-26/trial_T20190907_233056_022802,all_succeed,0.0,pick_clean_then_place_in_recep,0.25,0.375,0.33766233766233766,0.425,0.25,0.875,0.1811881477331988
15,3,2.25,9,5.125,8,0.0,0.055555555555555566,0.33333333333333337,0.6,pick_clean_then_place_in_recep-Mug-None-CoffeeMachine-26/trial_T20190907_233056_022802,all_succeed,0.0,pick_clean_then_place_in_recep,0.125,0.375,0.22727272727272727,0.31428571428571433,0.125,1.0,-0.0
20,3,2.25,9,5.125,8,0.0,0.055555555555555566,0.33333333333333337,0.6,pick_clean_then_place_in_recep-Mug-None-CoffeeMachine-26/trial_T20190907_233056_022802,all_succeed,0.0,pick_clean_then_place_in_recep,0.125,0.375,0.22727272727272727,0.2357142857142857,0.125,1.0,-0.0
10,4,4.0,10,10.0,10,0.0,0.0,0.0,0.6,pick_and_place_simple-Book-None-Sofa-229/trial_T20190907_042856_259139,mixed,0.109375,pick_and_place_simple,0.25,0.25,0.09090909090909091,0.05,0.25,0.0,0.1811881477331988
15,6,5.125,15,14.125,15,0.0,0.0,0.0,0.6371681415929203,pick_and_place_simple-Book-None-Sofa-229/trial_T20190907_042856_259139,mixed,0.109375,pick_and_place_simple,0.25,0.25,0.13157894736842107,0.06666666666666667,0.25,0.875,0.1811881477331988
20,10,5.625,19,14.625,18,0.0,0.012499999999999997,0.09999999999999998,0.6186440677966102,pick_and_place_simple-Book-None-Sofa-229/trial_T20190907_042856_259139,mixed,0.109375,pick_and_place_simple,0.25,0.25,0.14583333333333331,0.1125,0.25,0.875,0.1811881477331988
10,1,0.875,10,10.0,10,0.0,0.0,0.0,0.9125,pick_two_obj_and_place-Book-None-Desk-302/trial_T20190906_181233_363875,all_fail,0.0,pick_two_obj_and_place,0.25,0.25,0.125,0.1,0.25,0.0,0.1811881477331988
15,3,3.0,15,14.75,15,0.0,0.05833333333333332,0.06666666666666665,0.8,pick_two_obj_and_place-Book-None-Desk-302/trial_T20190906_181233_363875,all_fail,0.0,pick_two_obj_and_place,0.375,0.625,0.2429154995331466,0.1357142857142857,0.5,0.0,0.43293164689846614
20,5,3.375,18,16.25,18,0.09999999999999998,0.23750000000000002,0.30000000000000004,0.83125,pick_two_obj_and_place-Book-None-Desk-302/trial_T20190906_181233_363875,all_fail,0.0,pick_two_obj_and_place,0.625,0.75,0.38913666452322876,0.275,0.625,0.0,0.6666666666666666
10,5,5.0,10,10.0,10,0.0,0.0,0.0,0.5,pick_clean_then_place_in_recep-Ladle-None-CounterTop-8/trial_T20190909_121908_219603,mixed,0.109375,pick_clean_then_place_in_recep,0.25,0.25,0.2,0.25,0.25,0.0,0.1811881477331988
15,7,7.0,15,15.0,15,0.0,0.0,0.0,0.5333333333333333,pick_clean_then_place_in_recep-Ladle-None-CounterTop-8/trial_T20190909_121908_219603,mixed,0.109375,pick_clean_then_place_in_recep,0.25,0.25,0.15,0.2,0.25,0.0,0.1811881477331988
20,10,9.0,20,20.0,20,0.0,0.06250000000000003,0.19999999999999996,0.55,pick_clean_then_place_in_recep-Ladle-None-CounterTop-8/trial_T20190909_121908_219603,mixed,0.109375,pick_clean_then_place_in_recep,0.75,0.75,0.2832862789384528,0.24464285714285713,0.625,0.0,0.8333333333333334
10,5,4.625,10,9.375,10,0.0,0.0,0.0,0.5066666666666667,pick_heat_then_place_in_recep-Mug-None-Cabinet-3/trial_T20190909_014639_335717,mixed,0.234375,pick_heat_then_place_in_recep,0.375,0.5,0.38377872127872126,0.2857142857142857,0.375,0.25,0.5204260414863776
15,10,5.5,15,10.625,15,0.0,0.06666666666666668,0.2666666666666667,0.4823529411764706,pick_heat_then_place_in_recep-Mug-None-Cabinet-3/trial_T20190909_014639_335717,mixed,0.234375,pick_heat_then_place_in_recep,0.5,0.75,0.47742471988795515,0.40238095238095234,0.5,0.625,0.5162649802317995
20,13,6.375,17,11.125,15,0.0,0.13124999999999998,0.44999999999999996,0.4631578947368421,pick_heat_then_place_in_recep-Mug-None-Cabinet-3/trial_T20190909_014639_335717,mixed,0.234375,pick_heat_then_place_in_recep,0.5,0.75,0.5059800475214009,0.46071428571428574,0.5,0.625,0.5162649802317995
10,5,5.0,10,10.0,10,0.0,0.0,0.0,0.5,pick_clean_then_place_in_recep-Ladle-None-DiningTable-16/trial_T20190909_183724_205399,all_fail,0.0,pick_clean_then_place_in_recep,0.125,0.125,0.0,0.0,0.125,0.0,-0.0
15,7,7.0,15,15.0,15,0.0,0.0,0.0,0.5333333333333333,pick_clean_then_place_in_recep-Ladle-None-DiningTable-16/trial_T20190909_183724_205399,all_fail,0.0,pick_clean_then_place_in_recep,0.75,0.75,0.29733893557422963,0.16666666666666669,0.625,0.0,0.8333333333333334
20,10,9.0,20,20.0,20,0.0,0.043750000000000025,0.15000000000000002,0.55,pick_clean_then_place_in_recep-Ladle-None-DiningTable-16/trial_T20190909_183724_205399,all_fail,0.0,pick_clean_then_place_in_recep,0.75,0.875,0.4572632658346944,0.3178571428571429,0.875,0.0,0.8333333333333334
10,5,4.625,10,10.0,10,0.0,0.024999999999999994,0.09999999999999998,0.5375,pick_cool_then_place_in_recep-Apple-None-Microwave-5/trial_T20190908_150807_823817,mixed,0.234375,pick_cool_then_place_in_recep,0.5,0.75,0.5478236049664621,0.47500000000000003,0.5,0.0,0.603759374819711
15,8,6.875,15,14.625,15,0.0,0.017261904761904756,0.0714285714285714,0.5299145299145299,pick_cool_then_place_in_recep-Apple-None-Microwave-5/trial_T20190908_150807_823817,mixed,0.234375,pick_cool_then_place_in_recep,0.625,0.75,0.6004471439779018,0.5285714285714286,0.625,0.25,0.7185463540765221
20,12,8.875,20,17.375,20,0.0,0.03392857142857142,0.19999999999999996,0.5,pick_cool_then_place_in_recep-Apple-None-Microwave-5/trial_T20190908_150807_823817,mixed,0.234375,pick_cool_then_place_in_recep,0.5,0.75,0.6133470051924309,0.5660714285714286,0.5,0.375,0.603759374819711
10,5,4.75,10,10.0,10,0.0,0.0,0.0,0.525,pick_clean_then_place_in_recep-SoapBar-None-Toilet-428/trial_T20190907_041436_588106,mixed,0.234375,pick_clean_then_place_in_recep,0.375,0.375,0.33466533466533466,0.21428571428571427,0.25,0.0,0.5
15,8,6.125,15,13.875,15,0.0,0.008333333333333331,0.06666666666666665,0.5585585585585585,pick_clean_then_place_in_recep-SoapBar-None-Toilet-428/trial_T20190907_041436_588106,mixed,0.234375,pick_clean_then_place_in_recep,0.5,0.625,0.46229812898045985,0.32142857142857145,0.5,0.625,0.5162649802317995
20,9,6.5,18,14.75,17,0.0,0.0625,0.19999999999999996,0.5555555555555556,pick_clean_then_place_in_recep-SoapBar-None-Toilet-428/trial_T20190907_041436_588106,mixed,0.234375,pick_clean_then_place_in_recep,0.5,0.625,0.49293269130225653,0.4017857142857143,0.375,0.625,0.5162649802317995
10,6,3.875,10,9.875,10,0.0,0.09999999999999998,0.19999999999999996,0.6125,pick_two_obj_and_place-AlarmClock-None-Dresser-305/trial_T20190907_165826_194855,mixed,0.109375,pick_two_obj_and_place,0.75,0.75,0.3717532467532468,0.3,0.625,0.0,0.8333333333333334
15,7,5.125,15,14.625,13,0.1333333333333333,0.175,0.4666666666666667,0.6583333333333333,pick_two_obj_and_place-AlarmClock-None-Dresser-305/trial_T20190907_165826_194855,mixed,0.109375,pick_two_obj_and_place,0.75,0.875,0.5130442527888348,0.3738095238095238,0.75,0.0,0.8018796874098554
20,10,8.0,20,17.875,16,0.19999999999999996,0.27499999999999997,0.44999999999999996,0.6,pick_two_obj_and_place-AlarmClock-None-Dresser-305/trial_T20190907_165826_194855,mixed,0.109375,pick_two_obj_and_place,0.625,0.875,0.5402503571763585,0.45,0.625,0.0,0.7185463540765221
10,5,4.875,10,10.0,10,0.0,0.0,0.0,0.5125,pick_cool_then_place_in_recep-Pan-None-DiningTable-7/trial_T20190908_232648_241836,all_fail,0.0,pick_cool_then_place_in_recep,0.25,0.25,0.04999999999999999,0.05,0.25,0.0,0.1811881477331988
15,7,7.0,15,15.0,15,0.0,0.0,0.0,0.5333333333333333,pick_cool_then_place_in_recep-Pan-None-DiningTable-7/trial_T20190908_232648_241836,all_fail,0.0,pick_cool_then_place_in_recep,0.25,0.25,0.033333333333333326,0.03333333333333333,0.25,0.0,0.1811881477331988
20,10,9.625,20,20.0,20,0.0,0.0,0.0,0.51875,pick_cool_then_place_in_recep-Pan-None-DiningTable-7/trial_T20190908_232648_241836,all_fail,0.0,pick_cool_then_place_in_recep,0.5,0.5,0.1030612244897959,0.06607142857142857,0.375,0.0,0.5162649802317995
10,3,2.25,10,10.0,10,0.0,0.012499999999999997,0.09999999999999998,0.775,pick_clean_then_place_in_recep-Plate-None-CounterTop-19/trial_T20190908_212725_836398,mixed,0.234375,pick_clean_then_place_in_recep,0.625,0.625,0.6680222088835535,0.5428571428571429,0.625,0.0,0.7185463540765221
15,7,4.375,15,13.75,15,0.0,0.054166666666666655,0.19999999999999996,0.6956521739130435,pick_clean_then_place_in_recep-Plate-None-CounterTop-19/trial_T20190908_212725_836398,mixed,0.234375,pick_clean_then_place_in_recep,0.75,0.75,0.6906587054098016,0.5976190476190476,0.75,0.125,0.8018796874098554
20,10,6.75,20,17.25,20,0.0,0.09444444444444444,0.35,0.6326530612244898,pick_clean_then_place_in_recep-Plate-None-CounterTop-19/trial_T20190908_212725_836398,mixed,0.234375,pick_clean_then_place_in_recep,0.75,0.875,0.7172017456100903,0.6446428571428572,0.75,0.25,0.8333333333333334
10,1,1.0,5,5.0,5,0.0,0.0,0.0,0.8,pick_and_place_simple-SoapBar-None-Cart-401/trial_T20190907_054906_608944,all_succeed,0.0,pick_and_place_simple,0.125,0.125,0.0,0.0,0.125,1.0,-0.0
15,1,1.0,5,5.0,5,0.0,0.0,0.0,0.8,pick_and_place_simple-SoapBar-None-Cart-401/trial_T20190907_054906_608944,all_succeed,0.0,pick_and_place_simple,0.125,0.125,0.0,0.0,0.125,1.0,-0.0
20,1,1.0,5,5.0,5,0.0,0.0,0.0,0.8,pick_and_place_simple-SoapBar-None-Cart-401/trial_T20190907_054906_608944,all_succeed,0.0,pick_and_place_simple,0.125,0.125,0.0,0.0,0.125,1.0,-0.0
10,2,1.875,9,9.0,9,0.09999999999999998,0.13749999999999996,0.19999999999999996,0.8125,pick_cool_then_place_in_recep-Cup-None-Microwave-17/trial_T20190906_192817_654400,all_fail,0.0,pick_cool_then_place_in_recep,0.625,0.625,0.5870192307692308,0.5607142857142857,0.625,0.0,0.7185463540765221
15,4,3.25,14,13.0,14,0.06666666666666665,0.15833333333333333,0.4666666666666667,0.7833333333333333,pick_cool_then_place_in_recep-Cup-None-Microwave-17/trial_T20190906_192817_654400,all_fail,0.0,pick_cool_then_place_in_recep,0.875,0.875,0.6506637723179077,0.6166666666666666,0.875,0.0,0.9166666666666666
20,7,5.0,19,17.375,19,0.050000000000000044,0.15625,0.6,0.75,pick_cool_then_place_in_recep-Cup-None-Microwave-17/trial_T20190906_192817_654400,all_fail,0.0,pick_cool_then_place_in_recep,0.875,0.875,0.6807544896589214,0.6749999999999999,0.875,0.0,0.9166666666666666
10,4,3.125,9,7.875,9,0.0,0.0,0.0,0.6031746031746031,pick_and_place_simple-SprayBottle-None-Toilet-418/trial_T20190906_190942_706186,all_succeed,0.0,pick_and_place_simple,0.125,0.375,0.5134920634920636,0.425,0.125,1.0,-0.0
15,4,3.125,9,7.875,9,0.0,0.0,0.0,0.6031746031746031,pick_and_place_simple-SprayBottle-None-Toilet-418/trial_T20190906_190942_706186,all_succeed,0.0,pick_and_place_simple,0.125,0.375,0.47726757369614514,0.2833333333333333,0.125,1.0,-0.0
20,4,3.125,9,7.875,9,0.0,0.0,0.0,0.6031746031746031,pick_and_place_simple-SprayBottle-None-Toilet-418/trial_T20190906_190942_706186,all_succeed,0.0,pick_and_place_simple,0.125,0.375,0.47726757369614514,0.2125,0.125,1.0,-0.0
10,5,5.0,10,10.0,10,0.0,0.0,0.0,0.5,pick_and_place_simple-SprayBottle-None-GarbageCan-409/trial_T20190908_054742_818364,mixed,0.234375,pick_and_place_simple,0.125,0.125,0.0,0.0,0.125,0.0,-0.0
15,8,7.25,15,15.0,15,0.0,0.0,0.0,0.5042735042735043,pick_and_place_simple-SprayBottle-None-GarbageCan-409/trial_T20190908_054742_818364,mixed,0.234375,pick_and_place_simple,0.625,0.875,0.2584733893557423,0.1357142857142857,0.625,0.0,0.75
20,11,8.875,20,17.75,18,0.052631578947368474,0.1028637770897833,0.19999999999999996,0.5103448275862069,pick_and_place_simple-SprayBottle-None-GarbageCan-409/trial_T20190908_054742_818364,mixed,0.234375,pick_and_place_simple,0.5,0.875,0.44268448166740093,0.3,0.625,0.5,0.5833333333333334
10,3,2.0,10,8.5,10,0.0,0.175,0.30000000000000004,0.8,look_at_obj_in_light-CD-None-DeskLamp-302/trial_T20190907_154618_526741,mixed,0.1875,look_at_obj_in_light,0.625,1.0,0.7245094191522764,0.5928571428571429,0.875,0.0,0.75
15,6,4.5,15,12.5,15,0.0,0.1791666666666667,0.2666666666666667,0.6814159292035398,look_at_obj_in_light-CD-None-DeskLamp-302/trial_T20190907_154618_526741,mixed,0.1875,look_at_obj_in_light,1.0,1.0,0.7694275060682767,0.6857142857142857,1.0,0.125,1.0
20,7,6.25,19,14.875,18,0.052631578947368474,0.25866228070175434,0.4,0.6428571428571429,look_at_obj_in_light-CD-None-DeskLamp-302/trial_T20190907_154618_526741,mixed,0.1875,look_at_obj_in_light,0.75,1.0,0.7838524016770906,0.7392857142857142,0.75,0.25,0.8333333333333334
10,7,3.5,9,8.0,9,0.0,0.05,0.4,0.582089552238806,pick_and_place_simple-TissueBox-None-Toilet-426/trial_T20190910_155319_795672,mixed,0.109375,pick_and_place_simple,0.25,0.5,0.38651348651348655,0.2928571428571428,0.25,0.875,0.1811881477331988
15,12,4.125,9,8.0,9,0.0,0.075,0.6,0.5416666666666666,pick_and_place_simple-TissueBox-None-Toilet-426/trial_T20190910_155319_795672,mixed,0.109375,pick_and_place_simple,0.25,0.5,0.35483088340231195,0.2785714285714286,0.25,0.875,0.1811881477331988
20,17,4.75,9,8.0,9,0.0,0.0875,0.7,0.5064935064935064,pick_and_place_simple-TissueBox-None-Toilet-426/trial_T20190910_155319_795672,mixed,0.109375,pick_and_place_simple,0.25,0.5,0.35483088340231195,0.2714285714285714,0.25,0.875,0.1811881477331988
10,3,2.0,9,8.375,9,0.09999999999999998,0.19999999999999996,0.7,0.8,pick_cool_then_place_in_recep-WineBottle-None-DiningTable-17/trial_T20190908_024426_412044,mixed,0.109375,pick_cool_then_place_in_recep,0.5,0.5,0.6190862708719852,0.4964285714285714,0.5,0.0,0.5833333333333334
15,4,3.375,14,12.125,14,0.06666666666666665,0.23333333333333334,0.8,0.775,pick_cool_then_place_in_recep-WineBottle-None-DiningTable-17/trial_T20190908_024426_412044,mixed,0.109375,pick_cool_then_place_in_recep,0.875,0.875,0.7370053965642201,0.6238095238095239,0.875,0.0,0.9166666666666666
20,7,5.375,19,16.0,19,0.050000000000000044,0.25,0.85,0.73125,pick_cool_then_place_in_recep-WineBottle-None-DiningTable-17/trial_T20190908_024426_412044,mixed,0.109375,pick_cool_then_place_in_recep,0.875,0.875,0.7635580119621018,0.7000000000000001,0.875,0.0,0.9166666666666666
10,3,3.0,10,9.625,10,0.0,0.05,0.4,0.68,pick_clean_then_place_in_recep-Ladle-None-CounterTop-14/trial_T20190909_113844_191747,mixed,0.109375,pick_clean_then_place_in_recep,0.25,0.25,0.25,0.25,0.25,0.0,0.1811881477331988
15,5,4.75,15,14.0,15,0.0,0.075,0.6,0.6545454545454545,pick_clean_then_place_in_recep-Ladle-None-CounterTop-14/trial_T20190909_113844_191747,mixed,0.109375,pick_clean_then_place_in_recep,0.25,0.25,0.2368421052631579,0.25,0.25,0.0,0.1811881477331988
20,6,5.625,18,16.625,17,0.05555555555555558,0.13611111111111113,0.7,0.6564885496183206,pick_clean_then_place_in_recep-Ladle-None-CounterTop-14/trial_T20190909_113844_191747,mixed,0.109375,pick_clean_then_place_in_recep,0.25,0.25,0.23958333333333334,0.25,0.25,0.875,0.1811881477331988
10,5,4.375,10,10.0,10,0.0,0.0,0.0,0.5625,pick_cool_then_place_in_recep-Pot-None-DiningTable-21/trial_T20190909_004531_429065,mixed,0.109375,pick_cool_then_place_in_recep,0.375,0.375,0.22077922077922077,0.12142857142857144,0.375,0.0,0.43293164689846614
15,7,5.5,15,15.0,15,0.0,0.0,0.0,0.6333333333333333,pick_cool_then_place_in_recep-Pot-None-DiningTable-21/trial_T20190909_004531_429065,mixed,0.109375,pick_cool_then_place_in_recep,0.875,1.0,0.4019048847609219,0.28095238095238095,0.625,0.0,0.9166666666666666
20,9,7.0,20,19.75,20,0.0,0.037500000000000006,0.09999999999999998,0.6410256410256411,pick_cool_then_place_in_recep-Pot-None-DiningTable-21/trial_T20190909_004531_429065,mixed,0.109375,pick_cool_then_place_in_recep,0.875,1.0,0.5396076806791092,0.39999999999999997,1.0,0.0,0.9166666666666666
10,2,0.875,10,10.0,10,0.0,0.012499999999999997,0.09999999999999998,0.9125,pick_and_place_simple-Candle-None-Cart-401/trial_T20190909_081908_677973,mixed,0.1875,pick_and_place_simple,0.75,1.0,0.6970957613814758,0.4928571428571429,0.875,0.0,0.8018796874098554
15,3,2.0,14,12.125,14,0.0,0.15000000000000002,0.2666666666666667,0.8545454545454545,pick_and_place_simple-Candle-None-Cart-401/trial_T20190909_081908_677973,mixed,0.1875,pick_and_place_simple,0.875,1.0,0.7541973506169682,0.5785714285714285,0.875,0.25,0.9166666666666666
20,5,2.75,16,13.125,15,0.0,0.275,0.44999999999999996,0.8267716535433071,pick_and_place_simple-Candle-None-Cart-401/trial_T20190909_081908_677973,mixed,0.1875,pick_and_place_simple,0.625,1.0,0.7613899119493749,0.6303571428571428,0.625,0.25,0.7185463540765221
10,2,2.0,6,5.125,6,0.0,0.0,0.0,0.6097560975609756,pick_and_place_simple-ToiletPaper-None-ToiletPaperHanger-406/trial_T20190908_122858_883968,all_succeed,0.0,pick_and_place_simple,0.125,0.25,0.03571428571428573,0.05,0.125,1.0,-0.0
15,2,2.0,6,5.125,6,0.0,0.0,0.0,0.6097560975609756,pick_and_place_simple-ToiletPaper-None-ToiletPaperHanger-406/trial_T20190908_122858_883968,all_succeed,0.0,pick_and_place_simple,0.125,0.25,0.03571428571428573,0.03333333333333333,0.125,1.0,-0.0
20,2,2.0,6,5.125,6,0.0,0.0,0.0,0.6097560975609756,pick_and_place_simple-ToiletPaper-None-ToiletPaperHanger-406/trial_T20190908_122858_883968,all_succeed,0.0,pick_and_place_simple,0.125,0.25,0.03571428571428573,0.025,0.125,1.0,-0.0
10,5,4.625,10,10.0,10,0.0,0.0,0.0,0.5375,pick_two_obj_and_place-SprayBottle-None-Toilet-402/trial_T20190910_222914_814642,all_fail,0.0,pick_two_obj_and_place,0.5,0.625,0.40609390609390605,0.2392857142857143,0.5,0.0,0.6352130207431889
15,7,5.375,15,15.0,15,0.0,0.12499999999999997,0.19999999999999996,0.6416666666666667,pick_two_obj_and_place-SprayBottle-None-Toilet-402/trial_T20190910_222914_814642,all_fail,0.0,pick_two_obj_and_place,0.75,1.0,0.5758708267996193,0.37857142857142856,0.625,0.0,0.8018796874098554
20,10,7.625,20,18.625,18,0.09999999999999998,0.2375,0.35,0.61875,pick_two_obj_and_place-SprayBottle-None-Toilet-402/trial_T20190910_222914_814642,all_fail,0.0,pick_two_obj_and_place,1.0,1.0,0.6811332489129247,0.5125,0.875,0.0,1.0
10,6,4.375,10,9.875,10,0.0,0.024999999999999994,0.19999999999999996,0.5625,pick_cool_then_place_in_recep-Tomato-None-CounterTop-12/trial_T20190909_063754_216554,all_fail,0.0,pick_cool_then_place_in_recep,0.625,0.75,0.5509513158410217,0.5357142857142857,0.5,0.0,0.7185463540765221
15,10,7.0,15,14.125,15,0.0,0.08333333333333334,0.2666666666666667,0.5333333333333333,pick_cool_then_place_in_recep-Tomato-None-CounterTop-12/trial_T20190909_063754_216554,all_fail,0.0,pick_cool_then_place_in_recep,1.0,1.0,0.7069036077703126,0.6595238095238096,1.0,0.0,1.0
20,13,9.0,20,18.375,20,0.0,0.11249999999999999,0.44999999999999996,0.55,pick_cool_then_place_in_recep-Tomato-None-CounterTop-12/trial_T20190909_063754_216554,all_fail,0.0,pick_cool_then_place_in_recep,1.0,1.0,0.7000639958834192,0.7071428571428572,1.0,0.0,1.0
10,5,5.0,10,10.0,10,0.0,0.0,0.0,0.5,pick_and_place_simple-WineBottle-None-Shelf-7/trial_T20190907_200154_378982,mixed,0.1875,pick_and_place_simple,0.125,0.125,0.0,0.0,0.125,0.0,-0.0
15,7,7.0,15,15.0,15,0.0,0.0,0.0,0.5333333333333333,pick_and_place_simple-WineBottle-None-Shelf-7/trial_T20190907_200154_378982,mixed,0.1875,pick_and_place_simple,0.25,0.25,0.033333333333333326,0.016666666666666666,0.125,0.0,0.1811881477331988
20,10,9.875,20,20.0,20,0.0,0.0,0.0,0.50625,pick_and_place_simple-WineBottle-None-Shelf-7/trial_T20190907_200154_378982,mixed,0.1875,pick_and_place_simple,0.25,0.25,0.12,0.075,0.25,0.0,0.1811881477331988
10,5,4.75,10,10.0,10,0.0,0.0,0.0,0.525,pick_heat_then_place_in_recep-Mug-None-SideTable-21/trial_T20190909_090729_088825,mixed,0.1875,pick_heat_then_place_in_recep,0.625,0.625,0.386038961038961,0.225,0.5,0.0,0.75
15,10,7.25,15,14.0,15,0.0,0.09166666666666666,0.33333333333333337,0.5,pick_heat_then_place_in_recep-Mug-None-SideTable-21/trial_T20190909_090729_088825,mixed,0.1875,pick_heat_then_place_in_recep,0.875,1.0,0.5761983960250767,0.4309523809523809,1.0,0.0,0.9166666666666666
20,15,8.875,19,16.625,18,0.0,0.18125,0.5,0.48175182481751827,pick_heat_then_place_in_recep-Mug-None-SideTable-21/trial_T20190909_090729_088825,mixed,0.1875,pick_heat_then_place_in_recep,1.0,1.0,0.6751611060225268,0.5607142857142857,0.625,0.125,1.0
10,5,3.875,10,8.625,10,0.0,0.04375,0.125,0.5441176470588235,pick_cool_then_place_in_recep-Cup-None-SideTable-21/trial_T20190906_192823_237997,mixed,0.234375,pick_cool_then_place_in_recep,0.375,0.75,0.6445053021208483,0.5607142857142857,0.5,0.625,0.43293164689846614
15,6,4.0,12,9.125,12,0.0,0.13958333333333334,0.33333333333333337,0.5362318840579711,pick_cool_then_place_in_recep-Cup-None-SideTable-21/trial_T20190906_192823_237997,mixed,0.234375,pick_cool_then_place_in_recep,0.5,0.75,0.6462502026328873,0.5880952380952381,0.375,0.625,0.5162649802317995
20,6,4.0,12,9.125,12,0.0,0.20625,0.5,0.5362318840579711,pick_cool_then_place_in_recep-Cup-None-SideTable-21/trial_T20190906_192823_237997,mixed,0.234375,pick_cool_then_place_in_recep,0.5,0.75,0.6462502026328873,0.6017857142857144,0.375,0.625,0.5162649802317995
10,5,4.375,10,9.75,10,0.0,0.0,0.0,0.5512820512820513,pick_heat_then_place_in_recep-Mug-None-CoffeeMachine-1/trial_T20190907_222640_487432,mixed,0.234375,pick_heat_then_place_in_recep,0.625,0.75,0.7304812834224599,0.65,0.625,0.125,0.75
15,7,6.5,15,14.125,15,0.0,0.0,0.0,0.5398230088495575,pick_heat_then_place_in_recep-Mug-None-CoffeeMachine-1/trial_T20190907_222640_487432,mixed,0.234375,pick_heat_then_place_in_recep,0.75,0.875,0.7067501912263273,0.6666666666666667,0.75,0.125,0.8333333333333334
20,10,8.875,20,18.5,20,0.0,0.0,0.0,0.5170068027210885,pick_heat_then_place_in_recep-Mug-None-CoffeeMachine-1/trial_T20190907_222640_487432,mixed,0.234375,pick_heat_then_place_in_recep,1.0,1.0,0.6988887107931389,0.6678571428571428,0.875,0.125,1.0
10,5,4.625,10,10.0,10,0.0,0.03749999999999999,0.09999999999999998,0.5375,pick_two_obj_and_place-SprayBottle-None-Cabinet-407/trial_T20190907_144556_144188,all_fail,0.0,pick_two_obj_and_place,0.5,0.625,0.36168831168831167,0.22142857142857145,0.375,0.0,0.6352130207431889
15,8,6.125,15,14.5,14,0.06666666666666665,0.20833333333333334,0.33333333333333337,0.5847457627118644,pick_two_obj_and_place-SprayBottle-None-Cabinet-407/trial_T20190907_144556_144188,all_fail,0.0,pick_two_obj_and_place,0.75,1.0,0.5171064917194949,0.36428571428571427,0.75,0.0,0.8018796874098554
20,11,7.75,19,17.75,17,0.15000000000000002,0.3375,0.44999999999999996,0.5974025974025974,pick_two_obj_and_place-SprayBottle-None-Cabinet-407/trial_T20190907_144556_144188,all_fail,0.0,pick_two_obj_and_place,0.875,1.0,0.5629857532997927,0.45535714285714285,1.0,0.0,0.9166666666666666
10,5,5.0,10,10.0,10,0.0,0.0,0.0,0.5,pick_cool_then_place_in_recep-Mug-None-CoffeeMachine-16/trial_T20190908_184242_348366,all_fail,0.0,pick_cool_then_place_in_recep,0.125,0.125,0.0,0.0,0.125,0.0,-0.0
15,8,7.875,15,15.0,15,0.0,0.0,0.0,0.475,pick_cool_then_place_in_recep-Mug-None-CoffeeMachine-16/trial_T20190908_184242_348366,all_fail,0.0,pick_cool_then_place_in_recep,0.75,0.75,0.20654761904761904,0.10952380952380951,0.5,0.0,0.8018796874098554
20,12,11.125,20,19.375,20,0.0,0.05000000000000002,0.15000000000000002,0.44375,pick_cool_then_place_in_recep-Mug-None-CoffeeMachine-16/trial_T20190908_184242_348366,all_fail,0.0,pick_cool_then_place_in_recep,0.875,0.875,0.43968987534204923,0.3053571428571428,0.875,0.0,0.9166666666666666
10,5,4.25,10,10.0,10,0.0,0.024999999999999994,0.19999999999999996,0.575,pick_cool_then_place_in_recep-Tomato-None-CounterTop-12/trial_T20190909_063844_274181,mixed,0.234375,pick_cool_then_place_in_recep,0.625,0.625,0.4475028647822765,0.4428571428571429,0.625,0.0,0.6666666666666666
15,7,6.0,15,14.375,15,0.0,0.031060606060606052,0.18181818181818177,0.5862068965517241,pick_cool_then_place_in_recep-Tomato-None-CounterTop-12/trial_T20190909_063844_274181,mixed,0.234375,pick_cool_then_place_in_recep,0.5,0.625,0.48218121060226327,0.45,0.5,0.125,0.5162649802317995
20,10,8.0,20,18.25,20,0.0,0.043683155080213906,0.18181818181818177,0.5675675675675675,pick_cool_then_place_in_recep-Tomato-None-CounterTop-12/trial_T20190909_063844_274181,mixed,0.234375,pick_cool_then_place_in_recep,0.625,0.875,0.5206996551531933,0.47500000000000003,0.5,0.25,0.7185463540765221
10,4,3.5,10,8.625,10,0.0,0.07857142857142858,0.1428571428571429,0.6056338028169014,pick_heat_then_place_in_recep-Tomato-None-Fridge-15/trial_T20190909_020200_054379,mixed,0.109375,pick_heat_then_place_in_recep,0.5,0.5,0.682967032967033,0.6535714285714286,0.5,0.375,0.603759374819711
15,6,4.625,15,11.25,15,0.0,0.09107142857142858,0.16666666666666663,0.6021505376344086,pick_heat_then_place_in_recep-Tomato-None-Fridge-15/trial_T20190909_020200_054379,mixed,0.109375,pick_heat_then_place_in_recep,0.375,0.5,0.6786311514572384,0.6666666666666667,0.375,0.5,0.4685463540765222
20,11,6.125,20,13.125,20,0.0,0.12440476190476192,0.35,0.5663716814159292,pick_heat_then_place_in_recep-Tomato-None-Fridge-15/trial_T20190909_020200_054379,mixed,0.109375,pick_heat_then_place_in_recep,0.5,0.75,0.6822870214988441,0.6785714285714286,0.5,0.5,0.5833333333333334
10,6,5.0,10,9.875,10,0.0,0.024999999999999994,0.09999999999999998,0.5,pick_cool_then_place_in_recep-Lettuce-None-CounterTop-11/trial_T20190908_222555_651605,mixed,0.109375,pick_cool_then_place_in_recep,0.5,0.625,0.5703403739118025,0.4642857142857143,0.5,0.0,0.6352130207431889
15,9,7.375,15,14.875,15,0.0,0.016666666666666663,0.06666666666666665,0.5083333333333333,pick_cool_then_place_in_recep-Lettuce-None-CounterTop-11/trial_T20190908_222555_651605,mixed,0.109375,pick_cool_then_place_in_recep,0.5,0.625,0.45844345712766765,0.4333333333333333,0.5,0.0,0.6352130207431889
20,12,10.125,20,19.875,20,0.0,0.012500000000000011,0.050000000000000044,0.49375,pick_cool_then_place_in_recep-Lettuce-None-CounterTop-11/trial_T20190908_222555_651605,mixed,0.109375,pick_cool_then_place_in_recep,0.5,0.625,0.3917011163439735,0.34285714285714286,0.5,0.0,0.6352130207431889
10,5,5.0,10,10.0,10,0.0,0.0,0.0,0.5,pick_two_obj_and_place-Box-None-CoffeeTable-213/trial_T20190906_200927_069627,all_fail,0.0,pick_two_obj_and_place,0.125,0.125,0.0,0.0,0.125,0.0,-0.0
15,7,7.0,15,15.0,14,0.06666666666666665,0.06666666666666665,0.06666666666666665,0.5333333333333333,pick_two_obj_and_place-Box-None-CoffeeTable-213/trial_T20190906_200927_069627,all_fail,0.0,pick_two_obj_and_place,0.125,0.125,0.0,0.0,0.125,0.0,-0.0
20,9,8.5,20,20.0,19,0.050000000000000044,0.08125000000000004,0.30000000000000004,0.575,pick_two_obj_and_place-Box-None-CoffeeTable-213/trial_T20190906_200927_069627,all_fail,0.0,pick_two_obj_and_place,0.5,0.5,0.3125,0.1875,0.5,0.0,0.5833333333333334
10,3,3.0,10,10.0,10,0.0,0.0,0.0,0.7,pick_two_obj_and_place-Pan-None-CounterTop-14/trial_T20190907_012519_974044,all_fail,0.0,pick_two_obj_and_place,0.125,0.125,0.0,0.0,0.125,0.0,-0.0
15,5,4.5,15,15.0,15,0.0,0.016666666666666663,0.06666666666666665,0.7,pick_two_obj_and_place-Pan-None-CounterTop-14/trial_T20190907_012519_974044,all_fail,0.0,pick_two_obj_and_place,0.5,0.5,0.17202380952380952,0.09047619047619047,0.25,0.0,0.6352130207431889
20,7,6.25,20,19.0,20,0.0,0.08125,0.25,0.6875,pick_two_obj_and_place-Pan-None-CounterTop-14/trial_T20190907_012519_974044,all_fail,0.0,pick_two_obj_and_place,0.75,1.0,0.4196685767648501,0.26785714285714285,0.875,0.0,0.8333333333333334
10,4,2.875,10,8.25,10,0.0,0.0,0.0,0.6515151515151515,pick_cool_then_place_in_recep-Plate-None-Cabinet-27/trial_T20190906_173120_350651,mixed,0.109375,pick_cool_then_place_in_recep,0.375,0.5,0.4247481684981685,0.31071428571428567,0.375,0.75,0.353759374819711
15,5,3.125,15,8.875,15,0.0,0.0,0.0,0.647887323943662,pick_cool_then_place_in_recep-Plate-None-Cabinet-27/trial_T20190906_173120_350651,mixed,0.109375,pick_cool_then_place_in_recep,0.25,0.5,0.42371282961345075,0.29047619047619044,0.25,0.875,0.1811881477331988
20,7,3.375,20,9.5,18,0.0,0.012499999999999997,0.09999999999999998,0.6447368421052632,pick_cool_then_place_in_recep-Plate-None-Cabinet-27/trial_T20190906_173120_350651,mixed,0.109375,pick_cool_then_place_in_recep,0.25,0.5,0.4283124018838305,0.28035714285714286,0.25,0.875,0.1811881477331988
10,4,4.0,10,10.0,10,0.0,0.0,0.0,0.6,pick_two_obj_and_place-Spatula-None-Drawer-13/trial_T20190908_183331_203888,all_fail,0.0,pick_two_obj_and_place,0.125,0.125,0.0,0.0,0.125,0.0,-0.0
15,7,6.75,15,15.0,15,0.0,0.0,0.0,0.55,pick_two_obj_and_place-Spatula-None-Drawer-13/trial_T20190908_183331_203888,all_fail,0.0,pick_two_obj_and_place,0.375,0.375,0.14345238095238094,0.07619047619047618,0.25,0.0,0.43293164689846614
20,9,8.5,20,20.0,20,0.0,0.0062500000000000056,0.050000000000000044,0.575,pick_two_obj_and_place-Spatula-None-Drawer-13/trial_T20190908_183331_203888,all_fail,0.0,pick_two_obj_and_place,0.5,0.5,0.3632900432900433,0.23392857142857143,0.5,0.0,0.5833333333333334
10,5,4.125,10,9.75,10,0.0,0.03749999999999999,0.09999999999999998,0.5769230769230769,pick_and_place_simple-Egg-None-Microwave-4/trial_T20190906_234406_356490,mixed,0.109375,pick_and_place_simple,0.625,0.75,0.7314581426976385,0.6142857142857142,0.625,0.25,0.75
15,7,5.375,15,13.0,14,0.0,0.033333333333333326,0.06666666666666665,0.5865384615384616,pick_and_place_simple-Egg-None-Microwave-4/trial_T20190906_234406_356490,mixed,0.109375,pick_and_place_simple,0.625,0.875,0.6980791220241348,0.630952380952381,0.625,0.5,0.6666666666666666
20,9,6.25,20,15.125,19,0.0,0.0323529411764706,0.09999999999999998,0.5867768595041323,pick_and_place_simple-Egg-None-Microwave-4/trial_T20190906_234406_356490,mixed,0.109375,pick_and_place_simple,0.5,0.875,0.6400617237050323,0.6214285714285713,0.5,0.625,0.5162649802317995
10,4,3.125,10,9.625,9,0.0,0.2,0.4,0.6753246753246753,pick_clean_then_place_in_recep-Spatula-None-DiningTable-4/trial_T20190909_002804_564168,mixed,0.1875,pick_clean_then_place_in_recep,0.75,0.75,0.5234577922077922,0.42857142857142855,0.625,0.125,0.8333333333333334
15,6,4.875,15,13.75,14,0.0,0.14166666666666666,0.2666666666666667,0.6517857142857143,pick_clean_then_place_in_recep-Spatula-None-DiningTable-4/trial_T20190909_002804_564168,mixed,0.1875,pick_clean_then_place_in_recep,0.875,0.875,0.6141589889544335,0.5666666666666667,0.75,0.125,0.9166666666666666
20,8,5.875,20,16.0,19,0.0,0.13218954248366013,0.25,0.6439393939393939,pick_clean_then_place_in_recep-Spatula-None-DiningTable-4/trial_T20190909_002804_564168,mixed,0.1875,pick_clean_then_place_in_recep,0.5,0.875,0.5688909457133381,0.5642857142857143,0.5,0.625,0.5162649802317995
10,4,3.875,10,10.0,9,0.09999999999999998,0.13749999999999998,0.4,0.6125,pick_and_place_simple-Watch-None-SideTable-222/trial_T20190909_051813_197569,mixed,0.234375,pick_and_place_simple,0.375,0.375,0.23214285714285715,0.1392857142857143,0.375,0.0,0.353759374819711
15,6,5.5,14,13.625,13,0.09090909090909094,0.16969696969696968,0.33333333333333337,0.6206896551724138,pick_and_place_simple-Watch-None-SideTable-222/trial_T20190909_051813_197569,mixed,0.234375,pick_and_place_simple,0.625,0.75,0.4432049374773833,0.3166666666666667,0.625,0.125,0.7185463540765221
20,9,6.875,19,17.25,18,0.09090909090909094,0.15823863636363636,0.35,0.6180555555555556,pick_and_place_simple-Watch-None-SideTable-222/trial_T20190909_051813_197569,mixed,0.234375,pick_and_place_simple,0.625,0.875,0.5229409648314534,0.4267857142857143,0.625,0.25,0.7185463540765221
10,5,4.25,10,10.0,10,0.0,0.012499999999999997,0.09999999999999998,0.575,pick_cool_then_place_in_recep-Bowl-None-Cabinet-20/trial_T20190909_112912_154874,mixed,0.234375,pick_cool_then_place_in_recep,0.625,0.625,0.4533661191749427,0.425,0.625,0.0,0.7185463540765221
15,7,6.625,15,14.375,15,0.0,0.012499999999999997,0.09999999999999998,0.5391304347826087,pick_cool_then_place_in_recep-Bowl-None-Cabinet-20/trial_T20190909_112912_154874,mixed,0.234375,pick_cool_then_place_in_recep,0.625,0.625,0.41715430243243545,0.38333333333333336,0.625,0.125,0.7185463540765221
20,9,8.25,20,18.75,20,0.0,0.018750000000000003,0.09999999999999998,0.56,pick_cool_then_place_in_recep-Bowl-None-Cabinet-20/trial_T20190909_112912_154874,mixed,0.234375,pick_cool_then_place_in_recep,0.875,0.875,0.4750772568934916,0.43392857142857144,0.875,0.125,0.9166666666666666
10,5,4.625,10,9.875,10,0.0,0.024999999999999994,0.19999999999999996,0.5375,pick_cool_then_place_in_recep-Bread-None-CounterTop-7/trial_T20190909_045605_307949,mixed,0.234375,pick_cool_then_place_in_recep,0.5,0.5,0.48424658324868414,0.3892857142857143,0.375,0.0,0.5162649802317995
15,7,6.875,15,14.625,15,0.0,0.058333333333333334,0.33333333333333337,0.5416666666666666,pick_cool_then_place_in_recep-Bread-None-CounterTop-7/trial_T20190909_045605_307949,mixed,0.234375,pick_cool_then_place_in_recep,0.5,0.5,0.5390872067890702,0.4714285714285714,0.5,0.0,0.5162649802317995
20,10,9.0,20,18.25,20,0.0,0.08607456140350876,0.44999999999999996,0.52,pick_cool_then_place_in_recep-Bread-None-CounterTop-7/trial_T20190909_045605_307949,mixed,0.234375,pick_cool_then_place_in_recep,0.375,0.5,0.5587610085766768,0.5125,0.375,0.25,0.43293164689846614
10,4,4.0,10,10.0,10,0.0,0.03749999999999999,0.09999999999999998,0.6,pick_and_place_simple-SprayBottle-None-Cabinet-413/trial_T20190907_114931_692464,all_succeed,0.0,pick_and_place_simple,0.625,0.75,0.45379620379620383,0.3964285714285714,0.5,0.0,0.7185463540765221
15,5,4.625,15,14.0,14,0.0,0.1333333333333333,0.2666666666666667,0.6754385964912281,pick_and_place_simple-SprayBottle-None-Cabinet-413/trial_T20190907_114931_692464,all_succeed,0.0,pick_and_place_simple,0.625,0.875,0.5644186322854501,0.5166666666666667,0.625,0.25,0.75
20,5,5.0,20,16.125,16,0.0,0.13039215686274508,0.19999999999999996,0.6946564885496184,pick_and_place_simple-SprayBottle-None-Cabinet-413/trial_T20190907_114931_692464,all_succeed,0.0,pick_and_place_simple,0.5,0.875,0.561616495995378,0.5285714285714286,0.5,0.625,0.5162649802317995
10,5,4.75,10,9.75,10,0.0,0.062499999999999986,0.19999999999999996,0.525,pick_two_obj_and_place-ToiletPaper-None-Toilet-408/trial_T20190909_080302_174780,mixed,0.109375,pick_two_obj_and_place,0.75,0.75,0.6386363636363637,0.48214285714285715,0.5,0.0,0.8333333333333334
15,8,6.625,15,14.0,15,0.0,0.08333333333333334,0.2666666666666667,0.5431034482758621,pick_two_obj_and_place-ToiletPaper-None-Toilet-408/trial_T20190909_080302_174780,mixed,0.109375,pick_two_obj_and_place,0.75,1.0,0.7515048556534625,0.6047619047619047,0.75,0.0,0.8333333333333334
20,13,9.625,20,16.25,18,0.09999999999999998,0.2131578947368421,0.4,0.47619047619047616,pick_two_obj_and_place-ToiletPaper-None-Toilet-408/trial_T20190909_080302_174780,mixed,0.109375,pick_two_obj_and_place,0.875,1.0,0.8029751422215131,0.6785714285714286,0.625,0.125,0.9166666666666666
10,4,2.25,8,5.5,7,0.0,0.037500000000000006,0.30000000000000004,0.6086956521739131,look_at_obj_in_light-Pillow-None-DeskLamp-323/trial_T20190908_053153_077977,all_succeed,0.0,look_at_obj_in_light,0.25,0.5,0.5303054088768374,0.3321428571428572,0.25,0.875,0.1811881477331988
15,5,2.375,8,5.5,7,0.0,0.045454545454545456,0.36363636363636365,0.5957446808510638,look_at_obj_in_light-Pillow-None-DeskLamp-323/trial_T20190908_053153_077977,all_succeed,0.0,look_at_obj_in_light,0.125,0.5,0.5111138861138861,0.23809523809523808,0.125,1.0,-0.0
20,5,2.375,8,5.5,7,0.0,0.045454545454545456,0.36363636363636365,0.5957446808510638,look_at_obj_in_light-Pillow-None-DeskLamp-323/trial_T20190908_053153_077977,all_succeed,0.0,look_at_obj_in_light,0.125,0.5,0.5111138861138861,0.17857142857142858,0.125,1.0,-0.0
10,5,3.625,10,10.0,10,0.0,0.04999999999999999,0.09999999999999998,0.6375,pick_cool_then_place_in_recep-Tomato-None-GarbageCan-6/trial_T20190909_082934_483899,mixed,0.234375,pick_cool_then_place_in_recep,0.625,0.625,0.6664956891847648,0.5464285714285715,0.625,0.0,0.7185463540765221
15,7,5.5,15,13.25,15,0.0,0.0590909090909091,0.19999999999999996,0.5925925925925926,pick_cool_then_place_in_recep-Tomato-None-GarbageCan-6/trial_T20190909_082934_483899,mixed,0.234375,pick_cool_then_place_in_recep,0.625,0.625,0.6758950795792902,0.5952380952380952,0.625,0.375,0.7185463540765221
20,10,6.75,20,15.875,20,0.0,0.0778409090909091,0.35,0.578125,pick_cool_then_place_in_recep-Tomato-None-GarbageCan-6/trial_T20190909_082934_483899,mixed,0.234375,pick_cool_then_place_in_recep,0.625,0.625,0.6701353676266745,0.6160714285714286,0.625,0.375,0.7185463540765221
10,2,1.875,10,7.25,10,0.0,0.0,0.0,0.7413793103448276,pick_and_place_simple-Bowl-None-CoffeeTable-201/trial_T20190907_171639_045329,mixed,0.109375,pick_and_place_simple,0.25,0.625,0.4725198412698413,0.375,0.25,0.875,0.1811881477331988
15,4,2.125,14,7.75,14,0.0,0.008333333333333331,0.06666666666666665,0.7301587301587301,pick_and_place_simple-Bowl-None-CoffeeTable-201/trial_T20190907_171639_045329,mixed,0.109375,pick_and_place_simple,0.25,0.625,0.459018759018759,0.33333333333333337,0.25,0.875,0.1811881477331988
20,9,2.75,15,7.875,14,0.0,0.037500000000000006,0.30000000000000004,0.6764705882352942,pick_and_place_simple-Bowl-None-CoffeeTable-201/trial_T20190907_171639_045329,mixed,0.109375,pick_and_place_simple,0.25,0.625,0.459840194312244,0.3125,0.25,0.875,0.1811881477331988
10,5,4.25,10,10.0,10,0.0,0.0,0.0,0.575,pick_clean_then_place_in_recep-Plate-None-Fridge-5/trial_T20190909_112854_740612,mixed,0.109375,pick_clean_then_place_in_recep,0.75,0.75,0.6629164952694364,0.5285714285714286,0.75,0.0,0.8333333333333334
15,8,6.125,15,14.375,15,0.0,0.016666666666666663,0.06666666666666665,0.5775862068965517,pick_clean_then_place_in_recep-Plate-None-Fridge-5/trial_T20190909_112854_740612,mixed,0.109375,pick_clean_then_place_in_recep,0.75,0.875,0.6719084958255775,0.5857142857142856,0.75,0.25,0.8333333333333334
20,10,7.375,20,16.25,20,0.0,0.0390625,0.25,0.5597014925373134,pick_clean_then_place_in_recep-Plate-None-Fridge-5/trial_T20190909_112854_740612,mixed,0.109375,pick_clean_then_place_in_recep,0.5,0.875,0.6591224209005275,0.6035714285714286,0.5,0.625,0.5162649802317995
10,5,4.875,10,10.0,10,0.0,0.0,0.0,0.5125,pick_clean_then_place_in_recep-Fork-None-Drawer-8/trial_T20190908_132152_999725,all_fail,0.0,pick_clean_then_place_in_recep,0.375,0.375,0.6173238526179702,0.5928571428571429,0.375,0.0,0.4685463540765222
15,7,6.875,15,15.0,15,0.0,0.0,0.0,0.5416666666666666,pick_clean_then_place_in_recep-Fork-None-Drawer-8/trial_T20190908_132152_999725,all_fail,0.0,pick_clean_then_place_in_recep,0.375,0.5,0.6278185582533409,0.6166666666666666,0.375,0.0,0.43293164689846614
20,10,9.375,20,19.875,20,0.0,0.05625000000000001,0.19999999999999996,0.53125,pick_clean_then_place_in_recep-Fork-None-Drawer-8/trial_T20190908_132152_999725,all_fail,0.0,pick_clean_then_place_in_recep,0.875,0.875,0.6135782420344632,0.6571428571428571,0.875,0.0,0.9166666666666666
10,6,5.25,10,10.0,10,0.0,0.012499999999999997,0.09999999999999998,0.46835443037974683,look_at_obj_in_light-CD-None-DeskLamp-314/trial_T20190907_114323_767231,mixed,0.234375,look_at_obj_in_light,0.5,0.75,0.5324764521193093,0.3678571428571429,0.5,0.0,0.5833333333333334
15,9,8.125,15,14.75,15,0.0,0.05,0.2666666666666667,0.4396551724137931,look_at_obj_in_light-CD-None-DeskLamp-314/trial_T20190907_114323_767231,mixed,0.234375,look_at_obj_in_light,0.75,1.0,0.5179076083874846,0.37142857142857144,0.625,0.0,0.8333333333333334
20,13,10.125,20,17.25,19,0.050000000000000044,0.1298858359133127,0.4,0.41304347826086957,look_at_obj_in_light-CD-None-DeskLamp-314/trial_T20190907_114323_767231,mixed,0.234375,look_at_obj_in_light,0.625,1.0,0.6241909580738288,0.48214285714285715,0.625,0.5,0.6666666666666666
10,1,1.0,4,4.0,4,0.0,0.0,0.0,0.75,pick_and_place_simple-RemoteControl-None-Sofa-207/trial_T20190909_153609_373481,all_succeed,0.0,pick_and_place_simple,0.125,0.125,0.0,0.0,0.125,1.0,-0.0
15,1,1.0,4,4.0,4,0.0,0.0,0.0,0.75,pick_and_place_simple-RemoteControl-None-Sofa-207/trial_T20190909_153609_373481,all_succeed,0.0,pick_and_place_simple,0.125,0.125,0.0,0.0,0.125,1.0,-0.0
20,1,1.0,4,4.0,4,0.0,0.0,0.0,0.75,pick_and_place_simple-RemoteControl-None-Sofa-207/trial_T20190909_153609_373481,all_succeed,0.0,pick_and_place_simple,0.125,0.125,0.0,0.0,0.125,1.0,-0.0
10,5,3.5,10,10.0,10,0.0,0.0,0.0,0.65,pick_two_obj_and_place-Knife-None-Drawer-18/trial_T20190907_065232_689984,all_fail,0.0,pick_two_obj_and_place,0.375,0.375,0.3651642475171887,0.32142857142857145,0.375,0.0,0.43293164689846614
15,7,6.375,15,15.0,15,0.0,0.0,0.0,0.575,pick_two_obj_and_place-Knife-None-Drawer-18/trial_T20190907_065232_689984,all_fail,0.0,pick_two_obj_and_place,0.375,0.375,0.34054834054834054,0.34523809523809523,0.375,0.0,0.43293164689846614
20,10,8.5,20,20.0,20,0.0,0.0,0.0,0.575,pick_two_obj_and_place-Knife-None-Drawer-18/trial_T20190907_065232_689984,all_fail,0.0,pick_two_obj_and_place,0.5,0.5,0.3605468641377026,0.3607142857142857,0.5,0.0,0.5833333333333334
10,4,4.0,10,10.0,10,0.0,0.0,0.0,0.6,pick_and_place_simple-Tomato-None-Microwave-13/trial_T20190908_124829_632660,all_fail,0.0,pick_and_place_simple,0.125,0.125,0.0,0.0,0.125,0.0,-0.0
15,7,6.625,15,14.875,15,0.0,0.008333333333333331,0.06666666666666665,0.5583333333333333,pick_and_place_simple-Tomato-None-Microwave-13/trial_T20190908_124829_632660,all_fail,0.0,pick_and_place_simple,0.375,0.375,0.21825396825396823,0.12380952380952381,0.375,0.0,0.4685463540765222
20,10,8.5,20,19.75,20,0.0,0.012499999999999997,0.09999999999999998,0.575,pick_and_place_simple-Tomato-None-Microwave-13/trial_T20190908_124829_632660,all_fail,0.0,pick_and_place_simple,0.625,0.625,0.40955616732014244,0.26785714285714285,0.625,0.0,0.6666666666666666
10,2,1.125,9,8.75,9,0.0,0.09999999999999998,0.19999999999999996,0.8831168831168831,pick_and_place_simple-Vase-None-CoffeeTable-207/trial_T20190909_091246_807206,mixed,0.109375,pick_and_place_simple,0.5,0.5,0.5163118131868132,0.38571428571428573,0.5,0.125,0.5833333333333334
15,7,1.75,13,9.75,11,0.0,0.1037878787878788,0.2666666666666667,0.8372093023255814,pick_and_place_simple-Vase-None-CoffeeTable-207/trial_T20190909_091246_807206,mixed,0.109375,pick_and_place_simple,0.25,0.5,0.542048938333768,0.369047619047619,0.25,0.875,0.1811881477331988
20,12,2.375,13,9.75,11,0.0,0.12670454545454546,0.44999999999999996,0.7912087912087912,pick_and_place_simple-Vase-None-CoffeeTable-207/trial_T20190909_091246_807206,mixed,0.109375,pick_and_place_simple,0.25,0.5,0.542048938333768,0.3392857142857143,0.25,0.875,0.1811881477331988
10,4,2.875,7,3.875,6,0.0,0.06785714285714285,0.19999999999999996,0.30303030303030304,look_at_obj_in_light-Vase-None-DeskLamp-303/trial_T20190907_150418_457594,all_succeed,0.0,look_at_obj_in_light,0.125,0.5,0.6126108018965162,0.28214285714285714,0.125,1.0,-0.0
15,4,2.875,7,3.875,6,0.0,0.06785714285714285,0.19999999999999996,0.30303030303030304,look_at_obj_in_light-Vase-None-DeskLamp-303/trial_T20190907_150418_457594,all_succeed,0.0,look_at_obj_in_light,0.125,0.5,0.6126108018965162,0.1880952380952381,0.125,1.0,-0.0
20,4,2.875,7,3.875,6,0.0,0.06785714285714285,0.19999999999999996,0.30303030303030304,look_at_obj_in_light-Vase-None-DeskLamp-303/trial_T20190907_150418_457594,all_succeed,0.0,look_at_obj_in_light,0.125,0.5,0.6126108018965162,0.14107142857142857,0.125,1.0,-0.0
10,5,5.0,10,10.0,10,0.0,0.0,0.0,0.5,pick_clean_then_place_in_recep-ButterKnife-None-CounterTop-8/trial_T20190909_105559_983897,mixed,0.109375,pick_clean_then_place_in_recep,0.375,0.375,0.6021978021978022,0.5928571428571429,0.375,0.0,0.4685463540765222
15,7,7.0,15,15.0,15,0.0,0.0,0.0,0.5333333333333333,pick_clean_then_place_in_recep-ButterKnife-None-CounterTop-8/trial_T20190909_105559_983897,mixed,0.109375,pick_clean_then_place_in_recep,0.5,0.625,0.6284679089026916,0.6047619047619047,0.375,0.0,0.5833333333333334
20,10,9.25,20,20.0,20,0.0,0.05,0.19999999999999996,0.5375,pick_clean_then_place_in_recep-ButterKnife-None-CounterTop-8/trial_T20190909_105559_983897,mixed,0.109375,pick_clean_then_place_in_recep,1.0,1.0,0.6518428342519206,0.6446428571428572,1.0,0.0,1.0
10,9,6.0,8,5.375,8,0.0,0.33576388888888886,0.6,0.25,look_at_obj_in_light-Statue-None-DeskLamp-216/trial_T20190909_193045_208933,mixed,0.1875,look_at_obj_in_light,0.5,1.0,0.7070513811585241,0.6142857142857142,0.5,0.5,0.5833333333333334
15,13,7.25,8,5.625,8,0.0,0.34826388888888893,0.7333333333333334,0.22666666666666666,look_at_obj_in_light-Statue-None-DeskLamp-216/trial_T20190909_193045_208933,mixed,0.1875,look_at_obj_in_light,0.375,1.0,0.669920858786405,0.5738095238095238,0.375,0.75,0.353759374819711
20,18,8.125,9,5.75,8,0.0,0.3732638888888889,0.8,0.21686746987951808,look_at_obj_in_light-Statue-None-DeskLamp-216/trial_T20190909_193045_208933,mixed,0.1875,look_at_obj_in_light,0.375,1.0,0.6775374282948364,0.5446428571428571,0.375,0.75,0.353759374819711
10,3,2.875,10,10.0,10,0.0,0.024999999999999994,0.09999999999999998,0.7125,pick_and_place_simple-Book-None-SideTable-329/trial_T20190908_050633_745514,all_succeed,0.0,pick_and_place_simple,0.75,0.75,0.4031325817040103,0.25,0.75,0.0,0.8018796874098554
15,4,3.25,13,11.375,12,0.0,0.08836996336996339,0.15384615384615385,0.7346938775510204,pick_and_place_simple-Book-None-SideTable-329/trial_T20190908_050633_745514,all_succeed,0.0,pick_and_place_simple,0.125,0.75,0.4064312088471752,0.2547619047619048,0.125,1.0,-0.0
20,4,3.25,13,11.375,12,0.0,0.08836996336996339,0.15384615384615385,0.7346938775510204,pick_and_place_simple-Book-None-SideTable-329/trial_T20190908_050633_745514,all_succeed,0.0,pick_and_place_simple,0.125,0.75,0.3924716477500091,0.19107142857142856,0.125,1.0,-0.0
10,4,2.625,10,7.75,10,0.0,0.11249999999999999,0.6,0.6911764705882353,pick_heat_then_place_in_recep-Mug-None-Cabinet-26/trial_T20190909_062333_424779,mixed,0.1875,pick_heat_then_place_in_recep,0.75,1.0,0.8255985086342229,0.7464285714285713,0.75,0.375,0.8018796874098554
15,6,3.5,14,9.125,13,0.0,0.21785714285714286,0.7333333333333334,0.6853932584269663,pick_heat_then_place_in_recep-Mug-None-Cabinet-26/trial_T20190909_062333_424779,mixed,0.1875,pick_heat_then_place_in_recep,0.625,1.0,0.8191047635776185,0.7619047619047619,0.5,0.5,0.6666666666666666
20,7,3.875,16,9.875,15,0.0,0.23881302521008402,0.8,0.693069306930693,pick_heat_then_place_in_recep-Mug-None-Cabinet-26/trial_T20190909_062333_424779,mixed,0.1875,pick_heat_then_place_in_recep,0.375,1.0,0.7946471260569005,0.7446428571428572,0.5,0.625,0.43293164689846614
