iter,gate,n_groups,n_groups_cut,n_zero_variance,n_train_items,loss,grad_norm,rewards_mean,rewards_max,rollout_secs,train_secs,save_secs,iter_secs,cumulative_wall_clock_sec,seed,arm,zv_rate,cut_rate,recall_per_iter,dilution_pct
1,off,10,0,5,96,-0.009277653822209686,0.07325664162635803,0.2375,1.0,322.2178359031677,9.215416193008423,0.8195772171020508,332.2600133419037,332.2600133419037,42,baseline,0.5,0.0,,50.0
2,off,10,0,6,96,-0.006720376106386539,0.11142843216657639,0.55,1.0,248.93723607063293,12.600740671157837,0.7974205017089844,262.34168124198914,594.6016945838928,42,baseline,0.6,0.0,,60.0
3,off,10,0,5,96,-0.003869358275551349,0.12242677062749863,0.4625,1.0,286.9388897418976,13.682349681854248,0.8114714622497559,301.44454288482666,896.0462374687195,42,baseline,0.5,0.0,,50.0
4,off,10,0,3,96,-0.011885434476425871,0.09562617540359497,0.5125,1.0,256.15012526512146,14.010201454162598,0.8213629722595215,270.9936738014221,1167.0399112701416,42,baseline,0.3,0.0,,30.0
5,off,10,0,5,96,-0.0059835509018739685,0.07642137259244919,0.575,1.0,240.00085377693176,13.291609048843384,0.807426929473877,254.11013174057007,1421.1500430107117,42,baseline,0.5,0.0,,50.0
6,off,10,0,5,96,-0.0034649127046577632,0.1314449906349182,0.45,1.0,272.9000017642975,13.351646661758423,0.8310985565185547,287.0942726135254,1708.244315624237,42,baseline,0.5,0.0,,50.0
7,off,10,0,4,96,0.00925383282447001,0.0751829668879509,0.5875,1.0,243.71488428115845,13.110743284225464,0.8099391460418701,257.6486642360687,1965.8929798603058,42,baseline,0.4,0.0,,40.0
8,off,10,0,6,96,-0.014147064823191613,0.11596593260765076,0.675,1.0,238.7695348262787,14.017539501190186,0.826190710067749,253.62329864501953,2219.5162785053253,42,baseline,0.6,0.0,,60.0
9,off,10,0,4,96,-0.03192729091097135,0.14132137596607208,0.4,1.0,288.70689129829407,12.373464107513428,0.9112749099731445,301.9983170032501,2521.5145955085754,42,baseline,0.4,0.0,,40.0
10,off,10,0,7,96,-0.007458614578354172,0.0435619056224823,0.55,1.0,234.8924241065979,11.147844314575195,0.822075366973877,246.86767196655273,2768.382267475128,42,baseline,0.7,0.0,,70.0
11,off,10,0,6,96,0.0005088113539386541,0.11185738444328308,0.35,1.0,267.40375661849976,10.851929426193237,0.8255844116210938,279.0945224761963,3047.4767899513245,42,baseline,0.6,0.0,,60.0
12,off,10,0,8,96,0.0009246356203220785,0.020637409761548042,0.2,1.0,298.53529047966003,9.856111288070679,0.8242824077606201,309.2278985977173,3356.7046885490417,42,baseline,0.8,0.0,,80.0
13,off,10,0,2,96,-0.02816142761730589,0.16282546520233154,0.6375,1.0,261.6888723373413,12.061948299407959,0.8185641765594482,274.5835497379303,3631.288238286972,42,baseline,0.2,0.0,,20.0
14,off,10,0,3,96,-0.0072783604337018915,0.1278674602508545,0.5,1.0,294.3206021785736,14.72891879081726,0.8193862438201904,309.88101983070374,3941.169258117676,42,baseline,0.3,0.0,,30.0
15,off,10,0,4,96,0.0061793973873136565,0.07391484081745148,0.5375,1.0,291.51397013664246,11.941893100738525,0.8231823444366455,304.2957000732422,4245.464958190918,42,baseline,0.4,0.0,,40.0
16,off,10,0,1,96,0.008382413419894874,0.1839040219783783,0.4875,1.0,276.1474688053131,9.646270751953125,0.8101780414581299,286.6133289337158,4532.078287124634,42,baseline,0.1,0.0,,10.0
17,off,10,0,4,96,0.0020046279241796583,0.10965755581855774,0.6,1.0,267.5723888874054,10.361379146575928,0.8063509464263916,278.7521779537201,4810.830465078354,42,baseline,0.4,0.0,,40.0
18,off,10,0,4,96,-0.011972393040196039,0.14785178005695343,0.4875,1.0,292.23508524894714,9.99222707748413,0.8469643592834473,303.08558988571167,5113.916054964066,42,baseline,0.4,0.0,,40.0
19,off,10,0,3,96,0.032131003085908105,0.11833354085683823,0.4875,1.0,275.6690866947174,13.20474100112915,0.7866675853729248,289.6700072288513,5403.586062192917,42,baseline,0.3,0.0,,30.0
20,off,10,0,5,96,-0.00789330651241471,0.1619008183479309,0.6125,1.0,229.43270254135132,13.258804321289062,0.8092622756958008,243.51269221305847,5647.098754405975,42,baseline,0.5,0.0,,50.0
21,off,10,0,7,96,-0.003465644404059276,0.09070005267858505,0.4625,1.0,248.34081745147705,13.517638683319092,0.8227851390838623,262.6892066001892,5909.787961006165,42,baseline,0.7,0.0,,70.0
22,off,10,0,3,96,0.017441702948417515,0.09858770668506622,0.6,1.0,285.779821395874,12.90557599067688,0.8171350955963135,299.5112409591675,6209.299201965332,42,baseline,0.3,0.0,,30.0
23,off,10,0,3,96,-0.014640982437413186,0.15333862602710724,0.3125,1.0,304.8366804122925,12.021506786346436,0.8137643337249756,317.679336309433,6526.978538274765,42,baseline,0.3,0.0,,30.0
24,off,10,0,5,96,-0.017026342837198172,0.1391785591840744,0.5875,1.0,260.93629455566406,12.563633680343628,0.8255548477172852,274.33830428123474,6801.316842556,42,baseline,0.5,0.0,,50.0
25,off,10,0,5,96,-0.002216778841102496,0.13692398369312286,0.525,1.0,254.51360726356506,9.7722806930542,0.8171336650848389,265.1145761013031,7066.431418657303,42,baseline,0.5,0.0,,50.0
26,off,10,0,4,96,-0.02326548655400984,0.11389027535915375,0.3625,1.0,317.4047734737396,10.919910192489624,0.814532995223999,329.154093503952,7395.585512161255,42,baseline,0.4,0.0,,40.0
27,off,10,0,6,96,-0.004549018864054233,0.07913725823163986,0.4,1.0,246.54419803619385,13.47122859954834,0.8223788738250732,260.8519310951233,7656.437443256378,42,baseline,0.6,0.0,,60.0
28,off,10,0,5,96,0.009308157049417787,0.11672823131084442,0.525,1.0,257.4594883918762,15.180193901062012,0.8386929035186768,273.4921898841858,7929.929633140564,42,baseline,0.5,0.0,,50.0
29,off,10,0,2,96,0.025986590117099695,0.11624187976121902,0.5125,1.0,279.3376944065094,13.286290168762207,0.7999074459075928,293.4367673397064,8223.36640048027,42,baseline,0.2,0.0,,20.0
30,off,10,0,9,96,0.0003655405598692596,0.048656269907951355,0.6125,1.0,192.4125702381134,10.019949197769165,0.7209136486053467,203.1649465560913,8426.531347036362,42,baseline,0.9,0.0,,90.0
31,off,10,0,4,96,0.014685167574498337,0.08406690508127213,0.45,1.0,309.72575640678406,8.425715208053589,0.806917667388916,318.9726884365082,8745.50403547287,42,baseline,0.4,0.0,,40.0
32,off,10,0,3,96,0.025062518196136807,0.15999940037727356,0.3875,1.0,307.55996537208557,10.075689554214478,0.817659854888916,318.46723318099976,9063.97126865387,42,baseline,0.3,0.0,,30.0
33,off,10,0,4,96,-0.013035069685429335,0.21237993240356445,0.4,1.0,275.3096652030945,10.048546552658081,0.8037817478179932,286.17693543434143,9350.148204088211,42,baseline,0.4,0.0,,40.0
34,off,10,0,3,96,0.018516933792852797,0.13130702078342438,0.4625,1.0,279.0115852355957,9.355901956558228,0.8095583915710449,289.19000363349915,9639.33820772171,42,baseline,0.3,0.0,,30.0
35,off,10,0,4,96,-0.07696483135430299,0.17914269864559174,0.525,1.0,294.4344928264618,11.243083477020264,0.8031198978424072,306.4880840778351,9945.826291799545,42,baseline,0.4,0.0,,40.0
36,off,10,0,4,96,-0.0077670064638368785,0.10416169464588165,0.5375,1.0,275.01371717453003,14.549798727035522,0.8105473518371582,290.3874771595001,10236.213768959045,42,baseline,0.4,0.0,,40.0
37,off,10,0,1,96,-0.026363437937106937,0.1379726678133011,0.4,1.0,324.39247369766235,12.5529043674469,0.8030760288238525,337.76462745666504,10573.97839641571,42,baseline,0.1,0.0,,10.0
38,off,10,0,5,96,-0.04907888037269004,0.21565964818000793,0.475,1.0,238.6280357837677,13.454962730407715,0.8150374889373779,252.91428089141846,10826.892677307129,42,baseline,0.5,0.0,,50.0
39,off,10,0,3,96,0.02993005439202534,0.14739343523979187,0.6875,1.0,240.4123272895813,13.264425277709961,0.8200063705444336,254.51135802268982,11081.404035329819,42,baseline,0.3,0.0,,30.0
40,off,10,0,4,96,-0.023630611355656583,0.193926602602005,0.5125,1.0,269.9345998764038,10.929718255996704,0.8325598239898682,281.7080178260803,11363.112053155899,42,baseline,0.4,0.0,,40.0
41,off,10,0,5,96,0.0006982799714023713,0.043464165180921555,0.2375,1.0,327.37499499320984,10.837562561035156,0.8334355354309082,339.0625123977661,11702.174565553665,42,baseline,0.5,0.0,,50.0
42,off,10,0,4,96,-0.010598198117804714,0.03850293904542923,0.4375,1.0,281.5576972961426,11.960453510284424,0.8229935169219971,294.3550660610199,11996.529631614685,42,baseline,0.4,0.0,,40.0
43,off,10,0,3,96,-0.06637331568344962,0.2836834490299225,0.6,1.0,257.84698700904846,12.501194715499878,0.8370063304901123,271.2017240524292,12267.731355667114,42,baseline,0.3,0.0,,30.0
44,off,10,0,6,96,0.0005760472726308308,0.07598315924406052,0.5875,1.0,254.14811635017395,12.784456491470337,0.8222963809967041,267.7677638530731,12535.499119520187,42,baseline,0.6,0.0,,60.0
45,off,10,0,3,96,0.01369848863396328,0.1045580804347992,0.5125,1.0,309.4909989833832,11.637181282043457,0.8211402893066406,321.96546483039856,12857.464584350586,42,baseline,0.3,0.0,,30.0
46,off,10,0,4,96,-0.02391721901949495,0.19146978855133057,0.6375,1.0,251.75975465774536,12.267771482467651,0.8316957950592041,264.8748445510864,13122.339428901672,42,baseline,0.4,0.0,,40.0
47,off,10,0,4,96,0.012217331473948434,0.10226130485534668,0.4875,1.0,301.67816376686096,11.490809202194214,0.8193323612213135,314.00315046310425,13436.342579364777,42,baseline,0.4,0.0,,40.0
48,off,10,0,3,96,0.005579488497460261,0.11253643780946732,0.55,1.0,276.24938011169434,10.766168355941772,0.8549561500549316,287.88292169570923,13724.225501060486,42,baseline,0.3,0.0,,30.0
49,off,10,0,3,96,0.0006246708799153566,0.18845130503177643,0.55,1.0,284.7274498939514,15.895943403244019,0.8381719589233398,301.47764706611633,14025.703148126602,42,baseline,0.3,0.0,,30.0
50,off,10,0,3,96,0.003901494609749534,0.09837936609983444,0.5625,1.0,277.6374900341034,14.61998987197876,0.8225109577178955,293.0948209762573,14318.79796910286,42,baseline,0.3,0.0,,30.0
51,off,10,0,5,96,0.013707527425140142,0.16417296230793,0.5875,1.0,242.8089883327484,14.364140748977661,0.8060119152069092,257.99635314941406,14576.794322252274,42,baseline,0.5,0.0,,50.0
52,off,10,0,4,96,-0.034495956206228584,0.16697439551353455,0.4375,1.0,309.73529720306396,10.95759916305542,0.8105001449584961,321.5175516605377,14898.311873912811,42,baseline,0.4,0.0,,40.0
53,off,10,0,6,96,0.011977051675785333,0.04511189088225365,0.4875,1.0,248.2515025138855,9.662118911743164,0.8235287666320801,258.7527711391449,15157.064645051956,42,baseline,0.6,0.0,,60.0
54,off,10,0,4,96,-0.009959765820212851,0.11633243411779404,0.25,1.0,308.8656859397888,10.19707465171814,0.8285961151123047,319.9079866409302,15476.972631692886,42,baseline,0.4,0.0,,40.0
55,off,10,0,3,96,-0.020252100196046285,0.09696594625711441,0.4125,1.0,299.6688013076782,9.74789834022522,0.8163940906524658,310.2530403137207,15787.225672006607,42,baseline,0.3,0.0,,30.0
56,off,10,0,4,96,0.004905883703031577,0.0579368881881237,0.525,1.0,291.8537061214447,9.321919918060303,0.8296847343444824,302.0187749862671,16089.244446992874,42,baseline,0.4,0.0,,40.0
57,off,10,0,3,96,-0.04516223013342824,0.25433096289634705,0.575,1.0,282.3909068107605,13.33715009689331,0.8256425857543945,296.56952118873596,16385.81396818161,42,baseline,0.3,0.0,,30.0
58,off,10,0,3,96,-0.004997862844902556,0.13463445007801056,0.2375,1.0,327.69841480255127,10.060792684555054,0.8274765014648438,338.60348892211914,16724.41745710373,42,baseline,0.3,0.0,,30.0
59,off,10,0,5,96,-0.01040299260057509,0.12211641669273376,0.5375,1.0,252.35388731956482,13.94240403175354,0.8212630748748779,267.1342394351959,16991.551696538925,42,baseline,0.5,0.0,,50.0
60,off,10,0,3,96,0.022827219916507602,0.12829996645450592,0.675,1.0,244.86032676696777,14.93438458442688,0.8208200931549072,260.6270728111267,17252.178769350052,42,baseline,0.3,0.0,,30.0
1,off,10,0,6,96,-0.016334828251274303,0.11912596970796585,0.4625,1.0,263.26527762413025,11.078437566757202,0.8771584033966064,275.2281084060669,275.2281084060669,7,baseline,0.6,0.0,,60.0
2,off,10,0,3,96,-0.07496335508767515,0.24747584760189056,0.6,1.0,235.96831846237183,17.064493417739868,0.8847293853759766,253.92847681045532,529.1565852165222,7,baseline,0.3,0.0,,30.0
3,off,10,0,6,96,0.007422955943184206,0.06576576083898544,0.4,1.0,261.97909712791443,11.53460144996643,0.8727381229400635,274.39149236679077,803.548077583313,7,baseline,0.6,0.0,,60.0
4,off,10,0,4,96,-0.01364795367271654,0.11452364176511765,0.45,1.0,286.81063866615295,10.813692569732666,0.8813116550445557,298.5178506374359,1102.065928220749,7,baseline,0.4,0.0,,40.0
5,off,10,0,5,96,0.01007454568753019,0.12125930935144424,0.3,1.0,294.1346423625946,12.497628927230835,0.8712356090545654,307.51806378364563,1409.5839920043945,7,baseline,0.5,0.0,,50.0
6,off,10,0,4,96,-0.0010490793356439099,0.11137054860591888,0.4,1.0,267.4989697933197,11.591875553131104,0.8942584991455078,279.996196269989,1689.5801882743835,7,baseline,0.4,0.0,,40.0
7,off,10,0,7,96,0.014017147070262581,0.06930197775363922,0.5,1.0,228.70922446250916,15.558803081512451,1.2265989780426025,245.50666999816895,1935.0868582725525,7,baseline,0.7,0.0,,70.0
8,off,10,0,3,96,-0.018620758334236598,0.16518241167068481,0.6375,1.0,242.3337438106537,14.151777029037476,0.870227575302124,257.372430562973,2192.4592888355255,7,baseline,0.3,0.0,,30.0
9,off,10,0,1,96,0.00517401309161869,0.14611253142356873,0.4375,1.0,297.2566394805908,10.412388563156128,0.8590056896209717,308.5412881374359,2501.0005769729614,7,baseline,0.1,0.0,,10.0
10,off,10,0,5,96,0.00917010597186163,0.135894313454628,0.425,1.0,270.04447841644287,13.84167218208313,0.9183733463287354,284.8159556388855,2785.816532611847,7,baseline,0.5,0.0,,50.0
11,off,10,0,5,96,0.023737688752589747,0.08810269087553024,0.525,1.0,242.04120683670044,12.800615072250366,0.9257321357727051,255.7822597026825,3041.5987923145294,7,baseline,0.5,0.0,,50.0
12,off,10,0,5,96,-0.004619298793841153,0.06241651251912117,0.4,1.0,294.91675186157227,11.0880286693573,0.9073529243469238,306.9240152835846,3348.522807598114,7,baseline,0.5,0.0,,50.0
13,off,10,0,5,96,0.04090788456960581,0.1217026636004448,0.475,1.0,270.52506399154663,12.383284091949463,0.9307761192321777,283.85268807411194,3632.375495672226,7,baseline,0.5,0.0,,50.0
14,off,10,0,1,96,0.009598716802429408,0.1844092756509781,0.575,1.0,292.2560794353485,12.096202373504639,0.8878841400146484,305.25459337234497,3937.630089044571,7,baseline,0.1,0.0,,10.0
15,off,10,0,3,96,-0.014459166428423487,0.16972236335277557,0.625,1.0,250.93431615829468,12.430277585983276,0.9035675525665283,264.2787985801697,4201.908887624741,7,baseline,0.3,0.0,,30.0
16,off,10,0,3,96,0.026973098720191047,0.09623180329799652,0.5125,1.0,261.71572399139404,11.565947771072388,0.9324326515197754,274.22265219688416,4476.131539821625,7,baseline,0.3,0.0,,30.0
17,off,10,0,4,96,-0.0038136231305543333,0.10427439212799072,0.3875,1.0,279.04492712020874,13.508344173431396,1.3476972579956055,293.9151349067688,4770.046674728394,7,baseline,0.4,0.0,,40.0
18,off,10,0,7,96,-0.0006433670532715041,0.039584070444107056,0.35,1.0,251.61775660514832,10.421589136123657,0.9156420230865479,262.96975684165955,5033.016431570053,7,baseline,0.7,0.0,,70.0
19,off,10,0,4,96,-0.0003538587989169173,0.0807969942688942,0.375,1.0,285.5065710544586,11.307274580001831,0.9062609672546387,297.7317171096802,5330.748148679733,7,baseline,0.4,0.0,,40.0
20,off,10,0,7,96,0.0036778805661015213,0.10985959321260452,0.3375,1.0,269.01913499832153,14.945205688476562,0.922694206237793,284.9027969837189,5615.650945663452,7,baseline,0.7,0.0,,70.0
21,off,10,0,6,96,-0.014038252120371908,0.12239532172679901,0.6875,1.0,225.00547671318054,14.129536390304565,0.9111471176147461,240.06843876838684,5855.719384431839,7,baseline,0.6,0.0,,60.0
22,off,10,0,6,96,-0.015242645342368633,0.07469993084669113,0.3375,1.0,314.9633092880249,10.893803358078003,0.8717763423919678,326.7468717098236,6182.466256141663,7,baseline,0.6,0.0,,60.0
23,off,10,0,3,96,-0.0032741085524321534,0.1654338836669922,0.45,1.0,295.45011043548584,10.644881963729858,0.8564751148223877,306.9677529335022,6489.434009075165,7,baseline,0.3,0.0,,30.0
24,off,10,0,3,96,0.016859493359106636,0.11039792746305466,0.625,1.0,265.86604380607605,13.369275093078613,0.8701097965240479,280.12004804611206,6769.554057121277,7,baseline,0.3,0.0,,30.0
25,off,10,0,5,96,0.02405623596860096,0.07424663007259369,0.3,1.0,309.19163942337036,10.427126169204712,0.8389756679534912,320.472549200058,7090.026606321335,7,baseline,0.5,0.0,,50.0
26,off,10,0,3,96,0.0024746983544901013,0.12942467629909515,0.3125,1.0,300.0098645687103,13.623582363128662,0.8704013824462891,314.51976895332336,7404.546375274658,7,baseline,0.3,0.0,,30.0
27,off,10,0,4,96,-0.07300116359692765,0.2606550455093384,0.725,1.0,227.18077397346497,16.47753071784973,0.8576023578643799,244.5319106578827,7649.078285932541,7,baseline,0.4,0.0,,40.0
28,off,10,0,1,96,-0.06009741181333084,0.17942185699939728,0.7125,1.0,277.55593180656433,14.074260950088501,1.0722336769104004,292.71608424186707,7941.794370174408,7,baseline,0.1,0.0,,10.0
29,off,10,0,4,96,-0.00017849827418103814,0.10514884442090988,0.4375,1.0,274.8816759586334,11.725398540496826,0.8666551113128662,287.48960304260254,8229.28397321701,7,baseline,0.4,0.0,,40.0
30,off,10,0,2,96,-0.015168577316217124,0.13609102368354797,0.5375,1.0,271.1651656627655,14.472793102264404,0.8800406455993652,286.5365414619446,8515.820514678955,7,baseline,0.2,0.0,,20.0
31,off,10,0,5,96,-0.019044565269723535,0.09814273566007614,0.3625,1.0,293.2291338443756,10.635602474212646,0.8705604076385498,304.7527379989624,8820.573252677917,7,baseline,0.5,0.0,,50.0
32,off,10,0,7,96,0.007823052612366155,0.04145218804478645,0.5,1.0,272.36698389053345,10.472973346710205,0.8426675796508789,283.6959443092346,9104.269196987152,7,baseline,0.7,0.0,,70.0
33,off,10,0,2,96,0.03267931938171387,0.1718810498714447,0.4125,1.0,295.5843243598938,9.964494705200195,0.852942943572998,306.41973423957825,9410.68893122673,7,baseline,0.2,0.0,,20.0
34,off,10,0,3,96,0.005521378857338277,0.07588605582714081,0.3375,1.0,291.29463624954224,10.951929092407227,0.8514008522033691,303.1139323711395,9713.80286359787,7,baseline,0.3,0.0,,30.0
35,off,10,0,4,96,9.541388425304831e-05,0.12398870289325714,0.4375,1.0,275.0671465396881,12.455855369567871,0.8477573394775391,288.3871262073517,10002.189989805222,7,baseline,0.4,0.0,,40.0
36,off,10,0,6,96,-0.001449793839128688,0.11447574198246002,0.475,1.0,286.8609890937805,13.059382200241089,0.8401014804840088,300.7750291824341,10302.965018987656,7,baseline,0.6,0.0,,60.0
37,off,10,0,3,96,0.024345011639525183,0.12707951664924622,0.625,1.0,248.44813585281372,13.822317123413086,0.8449831008911133,263.1324887275696,10566.097507715225,7,baseline,0.3,0.0,,30.0
38,off,10,0,2,96,-0.03262222188641317,0.12822309136390686,0.6625,1.0,296.9524772167206,12.32585096359253,0.8454170227050781,310.1382360458374,10876.235743761063,7,baseline,0.2,0.0,,20.0
39,off,10,0,2,96,-0.027406510740547674,0.19063962996006012,0.4625,1.0,272.8587155342102,13.657818794250488,0.8628230094909668,287.39508271217346,11163.630826473236,7,baseline,0.2,0.0,,20.0
40,off,10,0,3,96,-0.007616028746269876,0.09390930831432343,0.4875,1.0,314.83697605133057,11.407288551330566,0.84871506690979,327.10930037498474,11490.74012684822,7,baseline,0.3,0.0,,30.0
41,off,10,0,7,96,0.000366649852367118,0.040492694824934006,0.45,1.0,267.4053258895874,14.821190118789673,0.8513524532318115,283.0946183204651,11773.834745168686,7,baseline,0.7,0.0,,70.0
42,off,10,0,5,96,0.03472297330154106,0.21207082271575928,0.3875,1.0,251.82000994682312,11.621883153915405,0.8532509803771973,264.30887484550476,12038.14362001419,7,baseline,0.5,0.0,,50.0
43,off,10,0,2,96,-0.012469230836359202,0.16219814121723175,0.4375,1.0,303.79998326301575,12.417123556137085,0.8422729969024658,317.0772786140442,12355.220898628235,7,baseline,0.2,0.0,,20.0
44,off,10,0,4,96,0.015435906143466127,0.10702315717935562,0.5875,1.0,258.12632393836975,12.638788938522339,0.8369250297546387,271.6172592639923,12626.838157892227,7,baseline,0.4,0.0,,40.0
45,off,10,0,4,96,0.01338199817109853,0.21173696219921112,0.4875,1.0,251.65511655807495,12.812132596969604,0.8509330749511719,265.33362460136414,12892.171782493591,7,baseline,0.4,0.0,,40.0
46,off,10,0,5,96,-0.01699921424733475,0.06832648068666458,0.5875,1.0,235.9332835674286,11.238457441329956,0.8712124824523926,248.05940890312195,13140.231191396713,7,baseline,0.5,0.0,,50.0
47,off,10,0,3,96,0.022367215889971703,0.18580849468708038,0.6125,1.0,269.42864990234375,11.127721786499023,0.8438460826873779,281.4181098937988,13421.649301290512,7,baseline,0.3,0.0,,30.0
48,off,10,0,1,96,-0.008246702098404057,0.1584499627351761,0.4875,1.0,287.6628134250641,11.491758584976196,0.8443522453308105,300.0138187408447,13721.663120031357,7,baseline,0.1,0.0,,10.0
49,off,10,0,5,96,0.01139904055162333,0.11564818769693375,0.325,1.0,289.3851897716522,10.513050079345703,0.8632364273071289,300.77752923965454,14022.440649271011,7,baseline,0.5,0.0,,50.0
50,off,10,0,5,96,-0.006879518595525269,0.02660720981657505,0.5625,1.0,245.97475504875183,12.791758298873901,0.8536829948425293,259.6371064186096,14282.077755689621,7,baseline,0.5,0.0,,50.0
51,off,10,0,5,96,-0.006069673951060395,0.09410601109266281,0.3375,1.0,314.2966661453247,12.730268239974976,2.0211973190307617,329.0653648376465,14611.143120527267,7,baseline,0.5,0.0,,50.0
52,off,10,0,3,96,-0.023772649732563877,0.1726059466600418,0.5875,1.0,277.43118238449097,12.560521602630615,0.8470485210418701,290.85673332214355,14901.999853849411,7,baseline,0.3,0.0,,30.0
53,off,10,0,3,96,-0.01741624714304635,0.15858222544193268,0.5125,1.0,303.8288264274597,13.704993963241577,0.8845498561859131,318.43684005737305,15220.436693906784,7,baseline,0.3,0.0,,30.0
54,off,10,0,5,96,-0.001728946081129834,0.11801579594612122,0.45,1.0,286.8420011997223,13.83977746963501,0.8853211402893066,301.58014035224915,15522.016834259033,7,baseline,0.5,0.0,,50.0
55,off,10,0,4,96,-0.015249438991304487,0.12794636189937592,0.625,1.0,274.2431535720825,12.362257242202759,0.842853307723999,287.46355271339417,15809.480386972427,7,baseline,0.4,0.0,,40.0
56,off,10,0,3,96,-0.009455259656533599,0.05876604840159416,0.375,1.0,304.8436231613159,7.424882173538208,0.8493490219116211,313.1334710121155,16122.613857984543,7,baseline,0.3,0.0,,30.0
57,off,10,0,3,96,0.006393681251211092,0.20818743109703064,0.3375,1.0,305.134042263031,13.114031314849854,0.8482577800750732,319.1138632297516,16441.727721214294,7,baseline,0.3,0.0,,30.0
58,off,10,0,2,96,0.00037454027915373445,0.13462799787521362,0.45,1.0,311.7268934249878,13.174736499786377,1.1003429889678955,326.022013425827,16767.74973464012,7,baseline,0.2,0.0,,20.0
59,off,10,0,3,96,-0.0030523954160344147,0.13577225804328918,0.6875,1.0,259.69066739082336,11.940754652023315,0.8726873397827148,272.5269639492035,17040.276698589325,7,baseline,0.3,0.0,,30.0
60,off,10,0,4,96,0.0044484215891316126,0.1561156064271927,0.3375,1.0,310.38554191589355,9.908848524093628,0.8594326972961426,321.1706030368805,17361.447301626205,7,baseline,0.4,0.0,,40.0
1,off,10,0,4,96,0.027514711080584675,0.1146983653306961,0.3125,1.0,274.24858474731445,10.607800006866455,0.8332343101501465,285.69739174842834,285.69739174842834,13,baseline,0.4,0.0,,40.0
2,off,10,0,6,96,-0.02903595910174772,0.14799398183822632,0.55,1.0,226.95749831199646,13.958022117614746,0.8416197299957275,241.7750644683838,527.4724562168121,13,baseline,0.6,0.0,,60.0
3,off,10,0,6,96,0.01826028968207538,0.12492963671684265,0.2,1.0,329.65438652038574,8.76982045173645,0.8497891426086426,339.28792357444763,866.7603797912598,13,baseline,0.6,0.0,,60.0
4,off,10,0,4,96,-0.0014382151857716963,0.04379025474190712,0.525,1.0,274.9583191871643,9.074453830718994,0.8919148445129395,284.9413044452667,1151.7016842365265,13,baseline,0.4,0.0,,40.0
5,off,10,0,2,96,-0.0206622705081827,0.08604723960161209,0.55,1.0,251.01573371887207,12.361118078231812,0.8409433364868164,264.22898411750793,1415.9306683540344,13,baseline,0.2,0.0,,20.0
6,off,10,0,1,96,0.002909666596679017,0.15624412894248962,0.55,1.0,292.80683851242065,8.4515700340271,0.8462612628936768,302.11079263687134,1718.0414609909058,13,baseline,0.1,0.0,,10.0
7,off,10,0,3,96,-0.010104420565767214,0.0978815108537674,0.5,1.0,284.80471444129944,8.502321243286133,0.845463752746582,294.16558384895325,2012.207044839859,13,baseline,0.3,0.0,,30.0
8,off,10,0,5,96,-0.018886146363399803,0.040954139083623886,0.3625,1.0,279.0710451602936,9.30292820930481,0.8547394275665283,289.2436351776123,2301.4506800174713,13,baseline,0.5,0.0,,50.0
9,off,10,0,6,96,-0.052018188369402196,0.13777931034564972,0.425,1.0,264.21916151046753,12.133357048034668,0.8454928398132324,277.2124810218811,2578.6631610393524,13,baseline,0.6,0.0,,60.0
10,off,10,0,3,96,-0.01613232889212668,0.16883188486099243,0.375,1.0,277.4917006492615,14.465229272842407,0.8623735904693604,292.8323702812195,2871.495531320572,13,baseline,0.3,0.0,,30.0
11,off,10,0,5,96,-0.001987595846003387,0.10047183185815811,0.6,1.0,265.14822483062744,11.751635074615479,0.7968950271606445,277.7100474834442,3149.205578804016,13,baseline,0.5,0.0,,50.0
12,off,10,0,5,96,-0.005696083360817283,0.07162685692310333,0.5375,1.0,274.6963334083557,10.664124011993408,0.8062012195587158,286.18321990966797,3435.388798713684,13,baseline,0.5,0.0,,50.0
13,off,10,0,2,96,0.014734471900737844,0.11572593450546265,0.375,1.0,294.71467089653015,9.794064044952393,0.8316745758056641,305.35540771484375,3740.744206428528,13,baseline,0.2,0.0,,20.0
14,off,10,0,3,96,-0.004653648909879848,0.12384343892335892,0.575,1.0,250.55937695503235,11.3884756565094,0.8075113296508789,262.76867508888245,4003.5128815174103,13,baseline,0.3,0.0,,30.0
15,off,10,0,3,96,0.011540601874003187,0.15810471773147583,0.3875,1.0,286.3623158931732,13.561498165130615,0.8185062408447266,300.7583258152008,4304.271207332611,13,baseline,0.3,0.0,,30.0
16,off,10,0,4,96,0.006460757562308572,0.21231956779956818,0.45,1.0,278.3450725078583,10.195817947387695,0.7972931861877441,289.3526859283447,4593.623893260956,13,baseline,0.4,0.0,,40.0
17,off,10,0,3,96,-0.027165626612259075,0.08276274055242538,0.1875,1.0,310.61593198776245,6.9334282875061035,0.8066751956939697,318.3728575706482,4911.996750831604,13,baseline,0.3,0.0,,30.0
18,off,10,0,3,96,0.0018765844433801249,0.11105683445930481,0.45,1.0,293.3320770263672,10.417980432510376,0.8031270503997803,304.5696175098419,5216.566368341446,13,baseline,0.3,0.0,,30.0
19,off,10,0,1,96,0.018615898266034492,0.15393264591693878,0.375,1.0,316.5772068500519,13.231898307800293,0.7924046516418457,330.6158113479614,5547.182179689407,13,baseline,0.1,0.0,,10.0
20,off,10,0,4,96,0.02670853229938075,0.12435050308704376,0.5375,1.0,269.35312724113464,10.663050889968872,0.8206002712249756,280.85553789138794,5828.037717580795,13,baseline,0.4,0.0,,40.0
21,off,10,0,4,96,-0.017875214805826545,0.12254910171031952,0.4,1.0,291.7586612701416,11.741946458816528,0.8163607120513916,304.3353326320648,6132.37305021286,13,baseline,0.4,0.0,,40.0
22,off,10,0,5,96,-0.029492959118215367,0.09329217672348022,0.5375,1.0,236.9165177345276,12.15061092376709,0.8207910060882568,249.90127563476562,6382.274325847626,13,baseline,0.5,0.0,,50.0
23,off,10,0,7,96,-0.01788666401989758,0.1087399423122406,0.4375,1.0,263.8685932159424,12.41363263130188,0.8105258941650391,277.11018991470337,6659.384515762329,13,baseline,0.7,0.0,,70.0
24,off,10,0,4,96,0.0006166808670968749,0.09709606319665909,0.3625,1.0,305.0400424003601,10.030877113342285,0.8116214275360107,315.89711117744446,6975.281626939774,13,baseline,0.4,0.0,,40.0
25,off,10,0,4,96,0.008423497842159122,0.19283626973628998,0.6,1.0,268.3878402709961,13.527034997940063,0.8169713020324707,282.7482204437256,7258.029847383499,13,baseline,0.4,0.0,,40.0
26,off,10,0,3,96,0.005938695786710468,0.15596050024032593,0.525,1.0,290.0375792980194,10.40443229675293,0.8956289291381836,301.3541090488434,7559.3839564323425,13,baseline,0.3,0.0,,30.0
27,off,10,0,6,96,0.003226384913432412,0.08771064132452011,0.4125,1.0,277.1738393306732,10.528857469558716,0.839289665222168,288.55598616600037,7847.939942598343,13,baseline,0.6,0.0,,60.0
28,off,10,0,3,96,0.01616794493747875,0.2342768758535385,0.55,1.0,274.86613607406616,12.588545322418213,0.8146727085113525,288.28634762763977,8136.226290225983,13,baseline,0.3,0.0,,30.0
29,off,10,0,5,96,0.014739787417511252,0.12133008986711502,0.4,1.0,276.5580852031708,9.192647933959961,0.7958164215087891,286.564861536026,8422.791151762009,13,baseline,0.5,0.0,,50.0
30,off,10,0,3,96,0.010654221201548353,0.10729821771383286,0.375,1.0,300.56737661361694,11.125102281570435,0.8166103363037109,312.5277771949768,8735.318928956985,13,baseline,0.3,0.0,,30.0
31,off,10,0,4,96,0.0024129878147505224,0.11081798374652863,0.35,1.0,309.68731331825256,8.930715322494507,0.8044493198394775,319.44251537323,9054.761444330215,13,baseline,0.4,0.0,,40.0
32,off,10,0,6,96,0.020638532092561945,0.08334694057703018,0.575,1.0,264.92891907691956,13.669785737991333,0.8306570053100586,279.44522190093994,9334.206666231155,13,baseline,0.6,0.0,,60.0
33,off,10,0,4,96,0.010699034726712853,0.17726054787635803,0.4,1.0,282.8017210960388,10.598351001739502,0.8203890323638916,294.2366683483124,9628.443334579468,13,baseline,0.4,0.0,,40.0
34,off,10,0,5,96,0.011405237368308008,0.10329549014568329,0.4625,1.0,293.8084692955017,12.58496618270874,0.8375158309936523,307.2483961582184,9935.691730737686,13,baseline,0.5,0.0,,50.0
35,off,10,0,3,96,0.008383192936889827,0.1378159523010254,0.55,1.0,277.0299828052521,14.160472631454468,0.871722936630249,292.07454323768616,10227.766273975372,13,baseline,0.3,0.0,,30.0
36,off,10,0,5,96,-0.01447112369351089,0.1014467254281044,0.6375,1.0,249.9402732849121,13.474335193634033,0.8705174922943115,264.2986285686493,10492.064902544022,13,baseline,0.5,0.0,,50.0
37,off,10,0,4,96,-0.016442221240140498,0.06723752617835999,0.275,1.0,315.3766655921936,9.689362287521362,0.883852481842041,325.9703092575073,10818.035211801529,13,baseline,0.4,0.0,,40.0
38,off,10,0,4,96,-0.0023464054902433418,0.09514190256595612,0.5125,1.0,277.7015075683594,14.912940740585327,0.8559093475341797,293.48266983032227,11111.517881631851,13,baseline,0.4,0.0,,40.0
39,off,10,0,4,96,0.0437629327934701,0.18086689710617065,0.55,1.0,276.8111927509308,14.747713327407837,0.8512020111083984,292.428231716156,11403.946113348007,13,baseline,0.4,0.0,,40.0
40,off,10,0,3,96,0.00811266727396287,0.24512547254562378,0.425,1.0,289.3135142326355,9.547619104385376,0.8739593029022217,299.7495131492615,11703.695626497269,13,baseline,0.3,0.0,,30.0
41,off,10,0,6,96,-0.009580165183706413,0.05773286148905754,0.5375,1.0,247.22590327262878,12.572657108306885,0.889291524887085,260.6999931335449,11964.395619630814,13,baseline,0.6,0.0,,60.0
42,off,10,0,4,96,-0.0007196188671514392,0.14853709936141968,0.3875,1.0,283.6277310848236,11.578462600708008,0.8528709411621094,296.07040095329285,12260.466020584106,13,baseline,0.4,0.0,,40.0
43,off,10,0,2,96,-0.02406101958331419,0.15234977006912231,0.475,1.0,322.5705382823944,9.960126876831055,0.8617627620697021,333.4094624519348,12593.875483036041,13,baseline,0.2,0.0,,20.0
44,off,10,0,2,96,-0.027782787026808364,0.11518030613660812,0.4,1.0,327.67350578308105,10.93379259109497,0.9929938316345215,339.6183032989502,12933.493786334991,13,baseline,0.2,0.0,,20.0
45,off,10,0,3,96,-0.036205813374408535,0.2195235937833786,0.375,1.0,272.9013080596924,9.82992935180664,0.8729541301727295,283.62132692337036,13217.115113258362,13,baseline,0.3,0.0,,30.0
46,off,10,0,7,96,0.00156050780788064,0.06245753541588783,0.5625,1.0,259.00588488578796,14.056824445724487,0.854682445526123,273.93278646469116,13491.047899723053,13,baseline,0.7,0.0,,70.0
47,off,10,0,3,96,-0.009374550398206338,0.0673469603061676,0.2875,1.0,316.08266401290894,9.353076696395874,0.8814878463745117,326.3323709964752,13817.380270719528,13,baseline,0.3,0.0,,30.0
48,off,10,0,5,96,-0.009513172262813896,0.08189264684915543,0.3875,1.0,295.3742558956146,9.891984701156616,0.8754560947418213,306.1569137573242,14123.537184476852,13,baseline,0.5,0.0,,50.0
49,off,10,0,1,96,0.004051309799251612,0.1565171629190445,0.5125,1.0,297.2388882637024,11.4244863986969,0.852827787399292,309.53188920021057,14433.069073677063,13,baseline,0.1,0.0,,10.0
50,off,10,0,5,96,0.010400570085039362,0.22223560512065887,0.4375,1.0,309.2724781036377,13.345174312591553,0.855135440826416,323.4896876811981,14756.558761358261,13,baseline,0.5,0.0,,50.0
51,off,10,0,6,96,-0.006627079419558868,0.0642758458852768,0.425,1.0,301.91894721984863,9.77072286605835,0.8507733345031738,312.5540859699249,15069.112847328186,13,baseline,0.6,0.0,,60.0
52,off,10,0,3,96,-0.020325047633377835,0.1230289414525032,0.575,1.0,277.274897813797,11.077265977859497,0.8166749477386475,289.1836416721344,15358.29648900032,13,baseline,0.3,0.0,,30.0
53,off,10,0,3,96,-0.06635946307869744,0.19492806494235992,0.675,1.0,258.5391163825989,16.592909336090088,0.9234545230865479,276.0731554031372,15634.369644403458,13,baseline,0.3,0.0,,30.0
54,off,10,0,5,96,-0.011626168119619251,0.04044394567608833,0.3625,1.0,269.15266966819763,13.458058595657349,0.8746354579925537,283.50082778930664,15917.870472192764,13,baseline,0.5,0.0,,50.0
55,off,10,0,6,96,0.018353369610849768,0.06799200177192688,0.6,1.0,258.33404445648193,11.195820569992065,0.8565831184387207,270.39399242401123,16188.264464616776,13,baseline,0.6,0.0,,60.0
56,off,10,0,5,96,-0.010553044092375785,0.0761776715517044,0.5,1.0,308.2809591293335,11.228837013244629,0.8653807640075684,320.39044523239136,16508.654909849167,13,baseline,0.5,0.0,,50.0
57,off,10,0,5,96,0.006791232488467358,0.07880960404872894,0.3625,1.0,308.68032455444336,8.455063581466675,1.160050392150879,318.31261682510376,16826.96752667427,13,baseline,0.5,0.0,,50.0
58,off,10,0,2,96,-0.049657138166367076,0.20850104093551636,0.5125,1.0,266.5110127925873,11.381756782531738,0.8898236751556396,278.79864740371704,17105.766174077988,13,baseline,0.2,0.0,,20.0
59,off,10,0,1,96,0.002157221606466919,0.16404211521148682,0.475,1.0,312.5122172832489,11.376280307769775,0.8587160110473633,324.7644519805908,17430.53062605858,13,baseline,0.1,0.0,,10.0
60,off,10,0,6,96,0.024635767622385174,0.247156023979187,0.6125,1.0,219.3396761417389,14.361630916595459,0.7441294193267822,234.45931267738342,17664.989938735962,13,baseline,0.6,0.0,,60.0
1,off,10,0,5,96,-0.009013788025185931,0.14756348729133606,0.4375,1.0,284.442884683609,10.033098220825195,0.8426291942596436,295.32176208496094,295.32176208496094,23,baseline,0.5,0.0,,50.0
2,off,10,0,5,96,-0.00832734868163243,0.07523181289434433,0.5125,1.0,280.48051047325134,11.780354022979736,0.8232269287109375,293.0965185165405,588.4182806015015,23,baseline,0.5,0.0,,50.0
3,off,10,0,4,96,0.021456322599988198,0.11589889228343964,0.3625,1.0,303.56242275238037,10.87317943572998,0.7869701385498047,315.2345538139343,903.6528344154358,23,baseline,0.4,0.0,,40.0
4,off,10,0,9,96,-0.003618462709710002,0.018601447343826294,0.5625,1.0,247.17249250411987,11.684959173202515,0.8420836925506592,259.70522379875183,1163.3580582141876,23,baseline,0.9,0.0,,90.0
5,off,10,0,2,96,-0.022490213596029207,0.13481877744197845,0.425,1.0,278.68043637275696,10.785968780517578,0.8100183010101318,290.29385781288147,1453.651916027069,23,baseline,0.2,0.0,,20.0
6,off,10,0,1,96,-0.0020225005864631385,0.11172321438789368,0.475,1.0,303.57791662216187,11.13235855102539,0.8129611015319824,315.53716468811035,1769.1890807151794,23,baseline,0.1,0.0,,10.0
7,off,10,0,4,96,-0.02171213873953093,0.063341423869133,0.5125,1.0,259.83003282546997,13.071745157241821,0.8181383609771729,273.7341661453247,2042.9232468605042,23,baseline,0.4,0.0,,40.0
8,off,10,0,4,96,0.019930693684727885,0.10729031264781952,0.55,1.0,278.3089737892151,13.591980457305908,0.8262279033660889,292.7380905151367,2335.661337375641,23,baseline,0.4,0.0,,40.0
9,off,10,0,6,96,0.007258388359332457,0.13382843136787415,0.5375,1.0,254.92868447303772,10.64221715927124,0.8585598468780518,266.44125628471375,2602.1025936603546,23,baseline,0.6,0.0,,60.0
10,off,10,0,5,96,0.0075466689668246545,0.09827785938978195,0.625,1.0,239.81979870796204,12.408301830291748,0.821073055267334,253.05994081497192,2855.1625344753265,23,baseline,0.5,0.0,,50.0
11,off,10,0,3,96,-0.02756991369460593,0.14111879467964172,0.525,1.0,272.4378273487091,14.15280818939209,0.8411591053009033,287.44437980651855,3142.606914281845,23,baseline,0.3,0.0,,30.0
12,off,10,0,5,96,0.011983106815023348,0.1550438106060028,0.4375,1.0,269.42213439941406,12.496655464172363,0.8323030471801758,282.7686469554901,3425.375561237335,23,baseline,0.5,0.0,,50.0
13,off,10,0,3,96,0.01114493070053868,0.10443925857543945,0.3,1.0,327.03994607925415,7.903294801712036,0.8269085884094238,335.78353691101074,3761.159098148346,23,baseline,0.3,0.0,,30.0
14,off,10,0,5,96,0.001477740708651254,0.13303959369659424,0.475,1.0,244.01675248146057,12.24186658859253,0.8167762756347656,257.08185148239136,4018.2409496307373,23,baseline,0.5,0.0,,50.0
15,off,10,0,2,96,0.023704760667897062,0.11994306743144989,0.4375,1.0,298.1009602546692,12.173890352249146,0.8353796005249023,311.12513041496277,4329.3660800457,23,baseline,0.2,0.0,,20.0
16,off,10,0,7,96,0.004626300415111473,0.05517381802201271,0.5375,1.0,266.57680201530457,12.343178987503052,0.7996826171875,279.73247027397156,4609.098550319672,23,baseline,0.7,0.0,,70.0
17,off,10,0,3,96,0.0150167703977786,0.20821987092494965,0.5375,1.0,289.4798467159271,13.604743242263794,0.8263339996337891,303.92108607292175,4913.019636392593,23,baseline,0.3,0.0,,30.0
18,off,10,0,1,96,0.005912794265896082,0.12441728264093399,0.5125,1.0,295.38328433036804,15.912863492965698,0.8170220851898193,312.13013792037964,5225.149774312973,23,baseline,0.1,0.0,,10.0
19,off,10,0,3,96,-0.04757857642835006,0.14045697450637817,0.3625,1.0,314.5207676887512,8.676658868789673,0.8167033195495605,324.02852869033813,5549.178303003311,23,baseline,0.3,0.0,,30.0
20,off,10,0,3,96,-0.011108678630989743,0.12422875314950943,0.4125,1.0,282.38382959365845,10.696454524993896,3.1406352519989014,296.23264145851135,5845.4109444618225,23,baseline,0.3,0.0,,30.0
21,off,10,0,5,96,-0.040801404200465186,0.1513201743364334,0.6875,1.0,251.90926480293274,14.692954063415527,0.8333930969238281,267.4523184299469,6112.863262891769,23,baseline,0.5,0.0,,50.0
22,off,10,0,4,96,-0.023199373492388986,0.1606004536151886,0.4875,1.0,262.5154104232788,12.880338430404663,0.8421251773834229,276.25290393829346,6389.116166830063,23,baseline,0.4,0.0,,40.0
23,off,10,0,3,96,0.03098439532914199,0.11565449833869934,0.325,1.0,334.69210052490234,13.031612157821655,0.8172638416290283,348.5571939945221,6737.673360824585,23,baseline,0.3,0.0,,30.0
24,off,10,0,6,96,-0.05744111252715811,0.1496584415435791,0.7625,1.0,183.02314925193787,18.13937759399414,0.7076199054718018,201.88081169128418,6939.554172515869,23,baseline,0.6,0.0,,60.0
25,off,10,0,5,96,-0.02750559846754186,0.13402801752090454,0.3625,1.0,280.87650442123413,12.064029216766357,0.8103220462799072,293.76379895210266,7233.317971467972,23,baseline,0.5,0.0,,50.0
26,off,10,0,4,96,0.013567838992457837,0.14898553490638733,0.5,1.0,275.1013250350952,12.104873657226562,0.8173141479492188,288.0387532711029,7521.356724739075,23,baseline,0.4,0.0,,40.0
27,off,10,0,3,96,0.014150796887406614,0.1621704399585724,0.4375,1.0,320.916086435318,10.149157047271729,0.7987504005432129,331.8794746398926,7853.236199378967,23,baseline,0.3,0.0,,30.0
28,off,10,0,5,96,0.007918170929769985,0.13504672050476074,0.4125,1.0,279.68313789367676,8.355700492858887,0.8256800174713135,288.8810770511627,8142.11727643013,23,baseline,0.5,0.0,,50.0
29,off,10,0,6,96,-0.030973699525929987,0.14017662405967712,0.725,1.0,215.1282606124878,14.147343873977661,0.7207996845245361,230.011084318161,8372.128360748291,23,baseline,0.6,0.0,,60.0
30,off,10,0,2,96,-0.012846101599279791,0.10536198318004608,0.5,1.0,298.31577491760254,12.942524194717407,0.8251039981842041,312.0950014591217,8684.223362207413,23,baseline,0.2,0.0,,20.0
31,off,10,0,3,96,-0.02466477654525079,0.19730184972286224,0.475,1.0,285.43608117103577,11.942792415618896,0.8051126003265381,298.2038924694061,8982.427254676819,23,baseline,0.3,0.0,,30.0
32,off,10,0,3,96,0.03167512465734035,0.16965320706367493,0.475,1.0,288.5790922641754,9.024952173233032,0.8279287815093994,298.44286274909973,9280.870117425919,23,baseline,0.3,0.0,,30.0
33,off,10,0,4,96,0.01936826718156226,0.20887808501720428,0.3125,1.0,313.9870867729187,12.028725147247314,0.8288254737854004,326.86244440078735,9607.732561826706,23,baseline,0.4,0.0,,40.0
34,off,10,0,4,96,0.014721416890097316,0.0746959000825882,0.6875,1.0,222.12630462646484,14.535973310470581,0.7103195190429688,237.38740968704224,9845.119971513748,23,baseline,0.4,0.0,,40.0
35,off,10,0,5,96,-0.00889029107929673,0.06577763706445694,0.325,1.0,290.04277634620667,14.01361870765686,0.7994563579559326,304.8672285079956,10149.987200021744,23,baseline,0.5,0.0,,50.0
36,off,10,0,3,96,-0.0316891691127239,0.13766948878765106,0.3125,1.0,288.9333927631378,13.28752088546753,0.8268275260925293,303.0645446777344,10453.051744699478,23,baseline,0.3,0.0,,30.0
37,off,10,0,5,96,-0.012743508188577835,0.20172114670276642,0.65,1.0,250.43350338935852,12.716792106628418,0.818138837814331,263.9868063926697,10717.038551092148,23,baseline,0.5,0.0,,50.0
38,off,10,0,4,96,0.034323682586546056,0.06808469444513321,0.4875,1.0,277.8670210838318,11.220185279846191,0.8255863189697266,289.924010515213,11006.96256160736,23,baseline,0.4,0.0,,40.0
39,off,10,0,5,96,0.005018647197474024,0.07226414233446121,0.5875,1.0,238.16486716270447,13.902716398239136,0.8214139938354492,252.9056453704834,11259.868206977844,23,baseline,0.5,0.0,,50.0
40,off,10,0,3,96,0.0006070876497688005,0.09557537734508514,0.4,1.0,288.6140820980072,9.161646604537964,0.8223552703857422,298.61143469810486,11558.47964167595,23,baseline,0.3,0.0,,30.0
41,off,10,0,6,96,0.020580467418767512,0.06150702014565468,0.275,1.0,298.3961546421051,12.009987831115723,0.815645694732666,311.2368657588959,11869.716507434845,23,baseline,0.6,0.0,,60.0
42,off,10,0,4,96,-0.008454225258901715,0.12783993780612946,0.5,1.0,257.0668635368347,12.755653858184814,0.8159945011138916,270.65138602256775,12140.367893457413,23,baseline,0.4,0.0,,40.0
43,off,10,0,2,96,-0.02462513105308517,0.14688237011432648,0.3125,1.0,316.40289783477783,12.311050415039062,0.8354649543762207,329.56588792800903,12469.933781385422,23,baseline,0.2,0.0,,20.0
44,off,10,0,3,96,-0.01932479944662191,0.12124207615852356,0.45,1.0,282.93839836120605,8.22585678100586,0.8260273933410645,292.005393743515,12761.939175128937,23,baseline,0.3,0.0,,30.0
45,off,10,0,5,96,0.002866377413738519,0.08952958881855011,0.6,1.0,256.95211124420166,11.979287385940552,1.1093144416809082,270.0551235675812,13031.994298696518,23,baseline,0.5,0.0,,50.0
46,off,10,0,4,96,0.059795553526782896,0.12187889218330383,0.575,1.0,266.5184819698334,11.405169010162354,0.824652910232544,278.763863325119,13310.758162021637,23,baseline,0.4,0.0,,40.0
47,off,10,0,5,96,-0.0048770590365165845,0.13115294277668,0.5375,1.0,252.4034764766693,13.16412091255188,0.8129575252532959,266.3970715999603,13577.155233621597,23,baseline,0.5,0.0,,50.0
48,off,10,0,3,96,0.015249504684106796,0.12626300752162933,0.575,1.0,291.86674451828003,12.73784613609314,0.8637909889221191,305.48349380493164,13882.638727426529,23,baseline,0.3,0.0,,30.0
49,off,10,0,6,96,0.014282123185694218,0.11095454543828964,0.3625,1.0,299.528347492218,11.480161428451538,0.8027520179748535,311.82803225517273,14194.466759681702,23,baseline,0.6,0.0,,60.0
50,off,10,0,7,96,-0.013447043056658003,0.05256301164627075,0.625,1.0,224.75050044059753,10.11164379119873,0.7184219360351562,235.59424829483032,14430.061007976532,23,baseline,0.7,0.0,,70.0
51,off,10,0,4,96,0.0030654762231279165,0.20585563778877258,0.4875,1.0,265.0951237678528,12.577939987182617,0.8094606399536133,278.4928181171417,14708.553826093674,23,baseline,0.4,0.0,,40.0
52,off,10,0,7,96,0.0024034824455156922,0.03705056384205818,0.275,1.0,322.2731533050537,10.372989654541016,0.8326470851898193,333.493625164032,15042.047451257706,23,baseline,0.7,0.0,,70.0
53,off,10,0,3,96,-0.021541864553000778,0.16202223300933838,0.5875,1.0,267.0823264122009,14.94634461402893,0.8124701976776123,282.8589253425598,15324.906376600266,23,baseline,0.3,0.0,,30.0
54,off,10,0,3,96,-0.07179160360828973,0.2792007029056549,0.5625,1.0,248.50160121917725,14.921982765197754,0.8426151275634766,264.27925968170166,15589.185636281967,23,baseline,0.3,0.0,,30.0
55,off,10,0,2,96,0.02629602227534633,0.12276734411716461,0.5375,1.0,252.9710931777954,13.595645904541016,0.8311986923217773,267.4132158756256,15856.598852157593,23,baseline,0.2,0.0,,20.0
56,off,10,0,4,96,0.003104962408542633,0.21843597292900085,0.4125,1.0,257.00343656539917,12.882688760757446,0.8231642246246338,270.7268259525299,16127.325678110123,23,baseline,0.4,0.0,,40.0
57,off,10,0,3,96,-0.007404627016512677,0.10267478972673416,0.6375,1.0,248.52917385101318,13.044870853424072,0.8148951530456543,262.41380047798157,16389.739478588104,23,baseline,0.3,0.0,,30.0
58,off,10,0,3,96,0.01574287930270657,0.11957364529371262,0.5625,1.0,310.30269956588745,10.503560543060303,0.8379130363464355,321.65968441963196,16711.399163007736,23,baseline,0.3,0.0,,30.0
59,off,10,0,4,96,0.00066538923420012,0.07888484001159668,0.3,1.0,308.47690987586975,7.802088260650635,0.8256161212921143,317.1274924278259,17028.526655435562,23,baseline,0.4,0.0,,40.0
60,off,10,0,6,96,-0.0043159216293133795,0.1318306177854538,0.6375,1.0,251.17339897155762,14.44556474685669,0.8796136379241943,266.51425218582153,17295.040907621384,23,baseline,0.6,0.0,,60.0
